Record Length,2.500000e+03,,   0.011000000000,   6.00000,
Sample Interval,2.000000e-05,,   0.011020000000,   6.16000,
Trigger Point,-5.500000000000e+02,,   0.011040000000,   6.32000,
,,,   0.011060000000,   6.48000,
,,,   0.011080000000,   6.64000,
,,,   0.011100000000,   6.72000,
Source,CH1,,   0.011120000000,   6.80000,
Vertical Units,V,,   0.011140000000,   6.88000,
Vertical Scale,2.000000e+00,,   0.011160000000,   6.88000,
Vertical Offset,-6.000000e+00,,   0.011180000000,   6.96000,
Horizontal Units,s,,   0.011200000000,   6.96000,
Horizontal Scale,5.000000e-03,,   0.011220000000,   7.04000,
Pt Fmt,Y,,   0.011240000000,   7.04000,
Yzero,0.000000e+00,,   0.011260000000,   7.04000,
Probe Atten,1.000000e+00,,   0.011280000000,   7.04000,
Model Number,TDS2004B,,   0.011300000000,   7.04000,
Serial Number,C031152,,   0.011320000000,   7.04000,
Firmware Version,FV:v22.01,,   0.011340000000,   7.04000,
,,,0.011360000000,   7.04000,
,,,0.011380000000,   6.96000,
,,,0.011400000000,   6.88000,
,,,0.011420000000,   6.80000,
,,,0.011440000000,   6.72000,
,,,0.011460000000,   6.64000,
,,,0.011480000000,   6.64000,
,,,0.011500000000,   6.56000,
,,,0.011520000000,   6.56000,
,,,0.011540000000,   6.48000,
,,,0.011560000000,   6.48000,
,,,0.011580000000,   6.40000,
,,,0.011600000000,   6.40000,
,,,0.011620000000,   6.40000,
,,,0.011640000000,   6.48000,
,,,0.011660000000,   6.64000,
,,,0.011680000000,   6.80000,
,,,0.011700000000,   6.88000,
,,,0.011720000000,   7.04000,
,,,0.011740000000,   7.04000,
,,,0.011760000000,   7.12000,
,,,0.011780000000,   7.12000,
,,,0.011800000000,   7.12000,
,,,0.011820000000,   7.12000,
,,,0.011840000000,   7.12000,
,,,0.011860000000,   7.12000,
,,,0.011880000000,   7.04000,
,,,0.011900000000,   7.04000,
,,,0.011920000000,   6.88000,
,,,0.011940000000,   6.80000,
,,,0.011960000000,   6.72000,
,,,0.011980000000,   6.56000,
,,,0.012000000000,   6.48000,
,,,0.012020000000,   6.40000,
,,,0.012040000000,   6.24000,
,,,0.012060000000,   6.16000,
,,,0.012080000000,   6.08000,
,,,0.012100000000,   6.00000,
,,,0.012120000000,   5.84000,
,,,0.012140000000,   5.68000,
,,,0.012160000000,   5.60000,
,,,0.012180000000,   5.44000,
,,,0.012200000000,   5.28000,
,,,0.012220000000,   5.20000,
,,,0.012240000000,   5.12000,
,,,0.012260000000,   5.12000,
,,,0.012280000000,   5.12000,
,,,0.012300000000,   5.12000,
,,,0.012320000000,   5.12000,
,,,0.012340000000,   5.04000,
,,,0.012360000000,   4.96000,
,,,0.012380000000,   4.80000,
,,,0.012400000000,   4.72000,
,,,0.012420000000,   4.64000,
,,,0.012440000000,   4.56000,
,,,0.012460000000,   4.40000,
,,,0.012480000000,   4.32000,
,,,0.012500000000,   4.24000,
,,,0.012520000000,   4.08000,
,,,0.012540000000,   4.00000,
,,,0.012560000000,   3.84000,
,,,0.012580000000,   3.76000,
,,,0.012600000000,   3.68000,
,,,0.012620000000,   3.60000,
,,,0.012640000000,   3.52000,
,,,0.012660000000,   3.44000,
,,,0.012680000000,   3.36000,
,,,0.012700000000,   3.28000,
,,,0.012720000000,   3.20000,
,,,0.012740000000,   3.12000,
,,,0.012760000000,   3.04000,
,,,0.012780000000,   2.96000,
,,,0.012800000000,   2.88000,
,,,0.012820000000,   2.80000,
,,,0.012840000000,   2.80000,
,,,0.012860000000,   2.72000,
,,,0.012880000000,   2.72000,
,,,0.012900000000,   2.64000,
,,,0.012920000000,   2.56000,
,,,0.012940000000,   2.48000,
,,,0.012960000000,   2.48000,
,,,0.012980000000,   2.40000,
,,,0.013000000000,   2.32000,
,,,0.013020000000,   2.32000,
,,,0.013040000000,   2.32000,
,,,0.013060000000,   2.24000,
,,,0.013080000000,   2.16000,
,,,0.013100000000,   2.16000,
,,,0.013120000000,   2.08000,
,,,0.013140000000,   2.08000,
,,,0.013160000000,   2.00000,
,,,0.013180000000,   2.00000,
,,,0.013200000000,   1.92000,
,,,0.013220000000,   1.92000,
,,,0.013240000000,   1.92000,
,,,0.013260000000,   1.84000,
,,,0.013280000000,   1.84000,
,,,0.013300000000,   1.76000,
,,,0.013320000000,   1.76000,
,,,0.013340000000,   1.68000,
,,,0.013360000000,   1.68000,
,,,0.013380000000,   1.68000,
,,,0.013400000000,   1.60000,
,,,0.013420000000,   1.60000,
,,,0.013440000000,   1.60000,
,,,0.013460000000,   1.52000,
,,,0.013480000000,   1.52000,
,,,0.013500000000,   1.52000,
,,,0.013520000000,   1.52000,
,,,0.013540000000,   1.52000,
,,,0.013560000000,   1.52000,
,,,0.013580000000,   1.44000,
,,,0.013600000000,   1.44000,
,,,0.013620000000,   1.44000,
,,,0.013640000000,   1.44000,
,,,0.013660000000,   1.44000,
,,,0.013680000000,   1.36000,
,,,0.013700000000,   1.36000,
,,,0.013720000000,   1.36000,
,,,0.013740000000,   1.36000,
,,,0.013760000000,   1.28000,
,,,0.013780000000,   1.28000,
,,,0.013800000000,   1.28000,
,,,0.013820000000,   1.28000,
,,,0.013840000000,   1.28000,
,,,0.013860000000,   1.28000,
,,,0.013880000000,   1.28000,
,,,0.013900000000,   1.20000,
,,,0.013920000000,   1.20000,
,,,0.013940000000,   1.20000,
,,,0.013960000000,   1.20000,
,,,0.013980000000,   1.20000,
,,,0.014000000000,   1.20000,
,,,0.014020000000,   1.20000,
,,,0.014040000000,   1.20000,
,,,0.014060000000,   1.20000,
,,,0.014080000000,   1.20000,
,,,0.014100000000,   1.12000,
,,,0.014120000000,   1.12000,
,,,0.014140000000,   1.12000,
,,,0.014160000000,   1.12000,
,,,0.014180000000,   1.12000,
,,,0.014200000000,   1.12000,
,,,0.014220000000,   1.12000,
,,,0.014240000000,   1.12000,
,,,0.014260000000,   1.12000,
,,,0.014280000000,   1.12000,
,,,0.014300000000,   1.12000,
,,,0.014320000000,   1.12000,
,,,0.014340000000,   1.12000,
,,,0.014360000000,   1.12000,
,,,0.014380000000,   1.12000,
,,,0.014400000000,   1.04000,
,,,0.014420000000,   1.04000,
,,,0.014440000000,   1.04000,
,,,0.014460000000,   1.04000,
,,,0.014480000000,   1.04000,
,,,0.014500000000,   1.04000,
,,,0.014520000000,   1.04000,
,,,0.014540000000,   1.04000,
,,,0.014560000000,   1.04000,
,,,0.014580000000,   1.04000,
,,,0.014600000000,   1.04000,
,,,0.014620000000,   1.04000,
,,,0.014640000000,   1.04000,
,,,0.014660000000,   1.04000,
,,,0.014680000000,   1.04000,
,,,0.014700000000,   1.04000,
,,,0.014720000000,   0.96000,
,,,0.014740000000,   1.04000,
,,,0.014760000000,   1.04000,
,,,0.014780000000,   1.04000,
,,,0.014800000000,   0.96000,
,,,0.014820000000,   0.96000,
,,,0.014840000000,   1.04000,
,,,0.014860000000,   0.96000,
,,,0.014880000000,   1.04000,
,,,0.014900000000,   0.96000,
,,,0.014920000000,   0.96000,
,,,0.014940000000,   0.96000,
,,,0.014960000000,   0.96000,
,,,0.014980000000,   0.96000,
,,,0.015000000000,   0.96000,
,,,0.015020000000,   0.96000,
,,,0.015040000000,   0.96000,
,,,0.015060000000,   0.96000,
,,,0.015080000000,   0.96000,
,,,0.015100000000,   0.96000,
,,,0.015120000000,   0.96000,
,,,0.015140000000,   0.96000,
,,,0.015160000000,   0.96000,
,,,0.015180000000,   0.96000,
,,,0.015200000000,   0.96000,
,,,0.015220000000,   0.96000,
,,,0.015240000000,   0.96000,
,,,0.015260000000,   0.96000,
,,,0.015280000000,   0.96000,
,,,0.015300000000,   0.96000,
,,,0.015320000000,   0.96000,
,,,0.015340000000,   0.96000,
,,,0.015360000000,   0.96000,
,,,0.015380000000,   0.96000,
,,,0.015400000000,   0.96000,
,,,0.015420000000,   0.96000,
,,,0.015440000000,   0.96000,
,,,0.015460000000,   0.96000,
,,,0.015480000000,   0.96000,
,,,0.015500000000,   0.96000,
,,,0.015520000000,   0.96000,
,,,0.015540000000,   0.96000,
,,,0.015560000000,   0.96000,
,,,0.015580000000,   0.96000,
,,,0.015600000000,   0.96000,
,,,0.015620000000,   0.96000,
,,,0.015640000000,   0.96000,
,,,0.015660000000,   0.96000,
,,,0.015680000000,   0.96000,
,,,0.015700000000,   0.96000,
,,,0.015720000000,   0.96000,
,,,0.015740000000,   0.96000,
,,,0.015760000000,   0.96000,
,,,0.015780000000,   0.96000,
,,,0.015800000000,   0.96000,
,,,0.015820000000,   0.96000,
,,,0.015840000000,   0.96000,
,,,0.015860000000,   0.96000,
,,,0.015880000000,   0.96000,
,,,0.015900000000,   0.96000,
,,,0.015920000000,   0.96000,
,,,0.015940000000,   0.96000,
,,,0.015960000000,   0.96000,
,,,0.015980000000,   0.96000,
,,,0.016000000000,   0.96000,
,,,0.016020000000,   0.96000,
,,,0.016040000000,   0.96000,
,,,0.016060000000,   0.96000,
,,,0.016080000000,   0.96000,
,,,0.016100000000,   1.04000,
,,,0.016120000000,   0.96000,
,,,0.016140000000,   0.96000,
,,,0.016160000000,   0.96000,
,,,0.016180000000,   0.96000,
,,,0.016200000000,   0.96000,
,,,0.016220000000,   0.96000,
,,,0.016240000000,   0.96000,
,,,0.016260000000,   0.96000,
,,,0.016280000000,   0.96000,
,,,0.016300000000,   0.96000,
,,,0.016320000000,   0.96000,
,,,0.016340000000,   0.96000,
,,,0.016360000000,   1.04000,
,,,0.016380000000,   0.96000,
,,,0.016400000000,   0.96000,
,,,0.016420000000,   0.96000,
,,,0.016440000000,   0.96000,
,,,0.016460000000,   0.96000,
,,,0.016480000000,   0.96000,
,,,0.016500000000,   0.96000,
,,,0.016520000000,   0.96000,
,,,0.016540000000,   0.96000,
,,,0.016560000000,   0.96000,
,,,0.016580000000,   0.96000,
,,,0.016600000000,   1.04000,
,,,0.016620000000,   0.96000,
,,,0.016640000000,   0.96000,
,,,0.016660000000,   0.96000,
,,,0.016680000000,   1.04000,
,,,0.016700000000,   1.04000,
,,,0.016720000000,   0.96000,
,,,0.016740000000,   1.04000,
,,,0.016760000000,   1.04000,
,,,0.016780000000,   1.04000,
,,,0.016800000000,   1.04000,
,,,0.016820000000,   1.04000,
,,,0.016840000000,   1.04000,
,,,0.016860000000,   1.04000,
,,,0.016880000000,   1.04000,
,,,0.016900000000,   1.04000,
,,,0.016920000000,   1.04000,
,,,0.016940000000,   1.04000,
,,,0.016960000000,   1.04000,
,,,0.016980000000,   1.04000,
,,,0.017000000000,   1.04000,
,,,0.017020000000,   1.04000,
,,,0.017040000000,   1.04000,
,,,0.017060000000,   1.04000,
,,,0.017080000000,   1.04000,
,,,0.017100000000,   1.04000,
,,,0.017120000000,   1.04000,
,,,0.017140000000,   1.04000,
,,,0.017160000000,   1.04000,
,,,0.017180000000,   1.12000,
,,,0.017200000000,   1.12000,
,,,0.017220000000,   1.12000,
,,,0.017240000000,   1.12000,
,,,0.017260000000,   1.12000,
,,,0.017280000000,   1.12000,
,,,0.017300000000,   1.12000,
,,,0.017320000000,   1.12000,
,,,0.017340000000,   1.12000,
,,,0.017360000000,   1.12000,
,,,0.017380000000,   1.12000,
,,,0.017400000000,   1.12000,
,,,0.017420000000,   1.12000,
,,,0.017440000000,   1.12000,
,,,0.017460000000,   1.12000,
,,,0.017480000000,   1.12000,
,,,0.017500000000,   1.12000,
,,,0.017520000000,   1.20000,
,,,0.017540000000,   1.20000,
,,,0.017560000000,   1.20000,
,,,0.017580000000,   1.20000,
,,,0.017600000000,   1.20000,
,,,0.017620000000,   1.20000,
,,,0.017640000000,   1.20000,
,,,0.017660000000,   1.20000,
,,,0.017680000000,   1.20000,
,,,0.017700000000,   1.20000,
,,,0.017720000000,   1.20000,
,,,0.017740000000,   1.28000,
,,,0.017760000000,   1.28000,
,,,0.017780000000,   1.28000,
,,,0.017800000000,   1.28000,
,,,0.017820000000,   1.28000,
,,,0.017840000000,   1.28000,
,,,0.017860000000,   1.28000,
,,,0.017880000000,   1.36000,
,,,0.017900000000,   1.36000,
,,,0.017920000000,   1.36000,
,,,0.017940000000,   1.36000,
,,,0.017960000000,   1.36000,
,,,0.017980000000,   1.44000,
,,,0.018000000000,   1.44000,
,,,0.018020000000,   1.44000,
,,,0.018040000000,   1.44000,
,,,0.018060000000,   1.52000,
,,,0.018080000000,   1.52000,
,,,0.018100000000,   1.52000,
,,,0.018120000000,   1.60000,
,,,0.018140000000,   1.60000,
,,,0.018160000000,   1.60000,
,,,0.018180000000,   1.68000,
,,,0.018200000000,   1.68000,
,,,0.018220000000,   1.68000,
,,,0.018240000000,   1.68000,
,,,0.018260000000,   1.68000,
,,,0.018280000000,   1.68000,
,,,0.018300000000,   1.68000,
,,,0.018320000000,   1.68000,
,,,0.018340000000,   1.76000,
,,,0.018360000000,   1.76000,
,,,0.018380000000,   1.76000,
,,,0.018400000000,   1.76000,
,,,0.018420000000,   1.76000,
,,,0.018440000000,   1.84000,
,,,0.018460000000,   1.84000,
,,,0.018480000000,   1.84000,
,,,0.018500000000,   1.92000,
,,,0.018520000000,   1.92000,
,,,0.018540000000,   1.92000,
,,,0.018560000000,   2.00000,
,,,0.018580000000,   2.08000,
,,,0.018600000000,   2.16000,
,,,0.018620000000,   2.16000,
,,,0.018640000000,   2.32000,
,,,0.018660000000,   2.40000,
,,,0.018680000000,   2.56000,
,,,0.018700000000,   2.64000,
,,,0.018720000000,   2.72000,
,,,0.018740000000,   2.80000,
,,,0.018760000000,   2.88000,
,,,0.018780000000,   2.96000,
,,,0.018800000000,   3.04000,
,,,0.018820000000,   3.12000,
,,,0.018840000000,   3.20000,
,,,0.018860000000,   3.36000,
,,,0.018880000000,   3.44000,
,,,0.018900000000,   3.60000,
,,,0.018920000000,   3.76000,
,,,0.018940000000,   4.00000,
,,,0.018960000000,   4.16000,
,,,0.018980000000,   4.40000,
,,,0.019000000000,   4.56000,
,,,0.019020000000,   4.80000,
,,,0.019040000000,   4.96000,
,,,0.019060000000,   5.12000,
,,,0.019080000000,   5.20000,
,,,0.019100000000,   5.20000,
,,,0.019120000000,   5.20000,
,,,0.019140000000,   5.20000,
,,,0.019160000000,   5.12000,
,,,0.019180000000,   5.04000,
,,,0.019200000000,   5.04000,
,,,0.019220000000,   4.96000,
,,,0.019240000000,   5.04000,
,,,0.019260000000,   5.12000,
,,,0.019280000000,   5.20000,
,,,0.019300000000,   5.28000,
,,,0.019320000000,   5.44000,
,,,0.019340000000,   5.52000,
,,,0.019360000000,   5.68000,
,,,0.019380000000,   5.84000,
,,,0.019400000000,   6.00000,
,,,0.019420000000,   6.16000,
,,,0.019440000000,   6.32000,
,,,0.019460000000,   6.56000,
,,,0.019480000000,   6.80000,
,,,0.019500000000,   7.04000,
,,,0.019520000000,   7.28000,
,,,0.019540000000,   7.44000,
,,,0.019560000000,   7.68000,
,,,0.019580000000,   7.84000,
,,,0.019600000000,   7.92000,
,,,0.019620000000,   8.08000,
,,,0.019640000000,   8.24000,
,,,0.019660000000,   8.32000,
,,,0.019680000000,   8.40000,
,,,0.019700000000,   8.48000,
,,,0.019720000000,   8.56000,
,,,0.019740000000,   8.56000,
,,,0.019760000000,   8.64000,
,,,0.019780000000,   8.72000,
,,,0.019800000000,   8.72000,
,,,0.019820000000,   8.80000,
,,,0.019840000000,   8.80000,
,,,0.019860000000,   8.80000,
,,,0.019880000000,   8.72000,
,,,0.019900000000,   8.72000,
,,,0.019920000000,   8.72000,
,,,0.019940000000,   8.64000,
,,,0.019960000000,   8.64000,
,,,0.019980000000,   8.56000,
,,,0.020000000000,   8.48000,
,,,0.020020000000,   8.40000,
,,,0.020040000000,   8.32000,
,,,0.020060000000,   8.24000,
,,,0.020080000000,   8.16000,
,,,0.020100000000,   8.08000,
,,,0.020120000000,   8.00000,
,,,0.020140000000,   7.92000,
,,,0.020160000000,   7.84000,
,,,0.020180000000,   7.76000,
,,,0.020200000000,   7.68000,
,,,0.020220000000,   7.68000,
,,,0.020240000000,   7.68000,
,,,0.020260000000,   7.60000,
,,,0.020280000000,   7.52000,
,,,0.020300000000,   7.52000,
,,,0.020320000000,   7.52000,
,,,0.020340000000,   7.52000,
,,,0.020360000000,   7.60000,
,,,0.020380000000,   7.68000,
,,,0.020400000000,   7.76000,
,,,0.020420000000,   7.84000,
,,,0.020440000000,   7.92000,
,,,0.020460000000,   8.00000,
,,,0.020480000000,   8.08000,
,,,0.020500000000,   8.08000,
,,,0.020520000000,   8.16000,
,,,0.020540000000,   8.16000,
,,,0.020560000000,   8.16000,
,,,0.020580000000,   8.16000,
,,,0.020600000000,   8.16000,
,,,0.020620000000,   8.16000,
,,,0.020640000000,   8.16000,
,,,0.020660000000,   8.16000,
,,,0.020680000000,   8.16000,
,,,0.020700000000,   8.16000,
,,,0.020720000000,   8.08000,
,,,0.020740000000,   8.08000,
,,,0.020760000000,   8.00000,
,,,0.020780000000,   8.00000,
,,,0.020800000000,   7.92000,
,,,0.020820000000,   7.84000,
,,,0.020840000000,   7.76000,
,,,0.020860000000,   7.68000,
,,,0.020880000000,   7.60000,
,,,0.020900000000,   7.52000,
,,,0.020920000000,   7.36000,
,,,0.020940000000,   7.28000,
,,,0.020960000000,   7.20000,
,,,0.020980000000,   7.12000,
,,,0.021000000000,   6.96000,
,,,0.021020000000,   6.88000,
,,,0.021040000000,   6.80000,
,,,0.021060000000,   6.72000,
,,,0.021080000000,   6.64000,
,,,0.021100000000,   6.48000,
,,,0.021120000000,   6.40000,
,,,0.021140000000,   6.32000,
,,,0.021160000000,   6.16000,
,,,0.021180000000,   6.08000,
,,,0.021200000000,   5.92000,
,,,0.021220000000,   5.84000,
,,,0.021240000000,   5.68000,
,,,0.021260000000,   5.60000,
,,,0.021280000000,   5.52000,
,,,0.021300000000,   5.36000,
,,,0.021320000000,   5.28000,
,,,0.021340000000,   5.20000,
,,,0.021360000000,   5.12000,
,,,0.021380000000,   5.04000,
,,,0.021400000000,   5.04000,
,,,0.021420000000,   4.96000,
,,,0.021440000000,   4.96000,
,,,0.021460000000,   4.96000,
,,,0.021480000000,   4.96000,
,,,0.021500000000,   4.88000,
,,,0.021520000000,   4.88000,
,,,0.021540000000,   4.80000,
,,,0.021560000000,   4.72000,
,,,0.021580000000,   4.64000,
,,,0.021600000000,   4.56000,
,,,0.021620000000,   4.56000,
,,,0.021640000000,   4.48000,
,,,0.021660000000,   4.40000,
,,,0.021680000000,   4.40000,
,,,0.021700000000,   4.32000,
,,,0.021720000000,   4.32000,
,,,0.021740000000,   4.24000,
,,,0.021760000000,   4.24000,
,,,0.021780000000,   4.16000,
,,,0.021800000000,   4.16000,
,,,0.021820000000,   4.16000,
,,,0.021840000000,   4.08000,
,,,0.021860000000,   4.08000,
,,,0.021880000000,   4.00000,
,,,0.021900000000,   3.92000,
,,,0.021920000000,   3.84000,
,,,0.021940000000,   3.76000,
,,,0.021960000000,   3.76000,
,,,0.021980000000,   3.68000,
,,,0.022000000000,   3.60000,
,,,0.022020000000,   3.52000,
,,,0.022040000000,   3.52000,
,,,0.022060000000,   3.44000,
,,,0.022080000000,   3.44000,
,,,0.022100000000,   3.36000,
,,,0.022120000000,   3.28000,
,,,0.022140000000,   3.28000,
,,,0.022160000000,   3.28000,
,,,0.022180000000,   3.20000,
,,,0.022200000000,   3.20000,
,,,0.022220000000,   3.20000,
,,,0.022240000000,   3.20000,
,,,0.022260000000,   3.12000,
,,,0.022280000000,   3.20000,
,,,0.022300000000,   3.20000,
,,,0.022320000000,   3.20000,
,,,0.022340000000,   3.20000,
,,,0.022360000000,   3.28000,
,,,0.022380000000,   3.36000,
,,,0.022400000000,   3.52000,
,,,0.022420000000,   3.68000,
,,,0.022440000000,   3.76000,
,,,0.022460000000,   3.92000,
,,,0.022480000000,   4.08000,
,,,0.022500000000,   4.16000,
,,,0.022520000000,   4.24000,
,,,0.022540000000,   4.32000,
,,,0.022560000000,   4.32000,
,,,0.022580000000,   4.40000,
,,,0.022600000000,   4.40000,
,,,0.022620000000,   4.48000,
,,,0.022640000000,   4.48000,
,,,0.022660000000,   4.56000,
,,,0.022680000000,   4.56000,
,,,0.022700000000,   4.56000,
,,,0.022720000000,   4.64000,
,,,0.022740000000,   4.72000,
,,,0.022760000000,   4.72000,
,,,0.022780000000,   4.80000,
,,,0.022800000000,   4.88000,
,,,0.022820000000,   4.96000,
,,,0.022840000000,   5.04000,
,,,0.022860000000,   5.12000,
,,,0.022880000000,   5.20000,
,,,0.022900000000,   5.20000,
,,,0.022920000000,   5.28000,
,,,0.022940000000,   5.28000,
,,,0.022960000000,   5.28000,
,,,0.022980000000,   5.20000,
,,,0.023000000000,   5.12000,
,,,0.023020000000,   5.04000,
,,,0.023040000000,   4.96000,
,,,0.023060000000,   4.80000,
,,,0.023080000000,   4.72000,
,,,0.023100000000,   4.64000,
,,,0.023120000000,   4.64000,
,,,0.023140000000,   4.64000,
,,,0.023160000000,   4.64000,
,,,0.023180000000,   4.64000,
,,,0.023200000000,   4.72000,
,,,0.023220000000,   4.80000,
,,,0.023240000000,   4.80000,
,,,0.023260000000,   4.88000,
,,,0.023280000000,   4.96000,
,,,0.023300000000,   5.04000,
,,,0.023320000000,   5.12000,
,,,0.023340000000,   5.20000,
,,,0.023360000000,   5.28000,
,,,0.023380000000,   5.52000,
,,,0.023400000000,   5.68000,
,,,0.023420000000,   5.84000,
,,,0.023440000000,   6.08000,
,,,0.023460000000,   6.24000,
,,,0.023480000000,   6.40000,
,,,0.023500000000,   6.56000,
,,,0.023520000000,   6.72000,
,,,0.023540000000,   6.80000,
,,,0.023560000000,   6.96000,
,,,0.023580000000,   7.04000,
,,,0.023600000000,   7.12000,
,,,0.023620000000,   7.12000,
,,,0.023640000000,   7.20000,
,,,0.023660000000,   7.28000,
,,,0.023680000000,   7.28000,
,,,0.023700000000,   7.36000,
,,,0.023720000000,   7.36000,
,,,0.023740000000,   7.44000,
,,,0.023760000000,   7.44000,
,,,0.023780000000,   7.44000,
,,,0.023800000000,   7.44000,
,,,0.023820000000,   7.44000,
,,,0.023840000000,   7.44000,
,,,0.023860000000,   7.36000,
,,,0.023880000000,   7.28000,
,,,0.023900000000,   7.20000,
,,,0.023920000000,   7.12000,
,,,0.023940000000,   7.04000,
,,,0.023960000000,   6.96000,
,,,0.023980000000,   6.88000,
,,,0.024000000000,   6.80000,
,,,0.024020000000,   6.72000,
,,,0.024040000000,   6.64000,
,,,0.024060000000,   6.56000,
,,,0.024080000000,   6.48000,
,,,0.024100000000,   6.40000,
,,,0.024120000000,   6.32000,
,,,0.024140000000,   6.24000,
,,,0.024160000000,   6.16000,
,,,0.024180000000,   6.08000,
,,,0.024200000000,   6.00000,
,,,0.024220000000,   5.84000,
,,,0.024240000000,   5.76000,
,,,0.024260000000,   5.68000,
,,,0.024280000000,   5.60000,
,,,0.024300000000,   5.44000,
,,,0.024320000000,   5.36000,
,,,0.024340000000,   5.28000,
,,,0.024360000000,   5.12000,
,,,0.024380000000,   5.04000,
,,,0.024400000000,   4.88000,
,,,0.024420000000,   4.80000,
,,,0.024440000000,   4.72000,
,,,0.024460000000,   4.64000,
,,,0.024480000000,   4.64000,
,,,0.024500000000,   4.64000,
,,,0.024520000000,   4.64000,
,,,0.024540000000,   4.64000,
,,,0.024560000000,   4.64000,
,,,0.024580000000,   4.64000,
,,,0.024600000000,   4.64000,
,,,0.024620000000,   4.64000,
,,,0.024640000000,   4.64000,
,,,0.024660000000,   4.56000,
,,,0.024680000000,   4.48000,
,,,0.024700000000,   4.48000,
,,,0.024720000000,   4.40000,
,,,0.024740000000,   4.32000,
,,,0.024760000000,   4.24000,
,,,0.024780000000,   4.24000,
,,,0.024800000000,   4.16000,
,,,0.024820000000,   4.08000,
,,,0.024840000000,   4.00000,
,,,0.024860000000,   3.92000,
,,,0.024880000000,   3.84000,
,,,0.024900000000,   3.76000,
,,,0.024920000000,   3.68000,
,,,0.024940000000,   3.60000,
,,,0.024960000000,   3.52000,
,,,0.024980000000,   3.44000,
,,,0.025000000000,   3.36000,
,,,0.025020000000,   3.28000,
,,,0.025040000000,   3.20000,
,,,0.025060000000,   3.20000,
,,,0.025080000000,   3.12000,
,,,0.025100000000,   3.04000,
,,,0.025120000000,   2.96000,
,,,0.025140000000,   2.96000,
,,,0.025160000000,   2.88000,
,,,0.025180000000,   2.88000,
,,,0.025200000000,   2.80000,
,,,0.025220000000,   2.72000,
,,,0.025240000000,   2.72000,
,,,0.025260000000,   2.64000,
,,,0.025280000000,   2.64000,
,,,0.025300000000,   2.56000,
,,,0.025320000000,   2.56000,
,,,0.025340000000,   2.48000,
,,,0.025360000000,   2.48000,
,,,0.025380000000,   2.40000,
,,,0.025400000000,   2.40000,
,,,0.025420000000,   2.40000,
,,,0.025440000000,   2.32000,
,,,0.025460000000,   2.32000,
,,,0.025480000000,   2.24000,
,,,0.025500000000,   2.24000,
,,,0.025520000000,   2.24000,
,,,0.025540000000,   2.24000,
,,,0.025560000000,   2.16000,
,,,0.025580000000,   2.16000,
,,,0.025600000000,   2.16000,
,,,0.025620000000,   2.16000,
,,,0.025640000000,   2.16000,
,,,0.025660000000,   2.16000,
,,,0.025680000000,   2.16000,
,,,0.025700000000,   2.16000,
,,,0.025720000000,   2.16000,
,,,0.025740000000,   2.16000,
,,,0.025760000000,   2.16000,
,,,0.025780000000,   2.16000,
,,,0.025800000000,   2.16000,
,,,0.025820000000,   2.16000,
,,,0.025840000000,   2.16000,
,,,0.025860000000,   2.16000,
,,,0.025880000000,   2.24000,
,,,0.025900000000,   2.24000,
,,,0.025920000000,   2.24000,
,,,0.025940000000,   2.32000,
,,,0.025960000000,   2.32000,
,,,0.025980000000,   2.40000,
,,,0.026000000000,   2.48000,
,,,0.026020000000,   2.56000,
,,,0.026040000000,   2.64000,
,,,0.026060000000,   2.72000,
,,,0.026080000000,   2.80000,
,,,0.026100000000,   2.88000,
,,,0.026120000000,   2.88000,
,,,0.026140000000,   2.96000,
,,,0.026160000000,   2.96000,
,,,0.026180000000,   2.96000,
,,,0.026200000000,   2.96000,
,,,0.026220000000,   2.88000,
,,,0.026240000000,   2.88000,
,,,0.026260000000,   2.80000,
,,,0.026280000000,   2.80000,
,,,0.026300000000,   2.80000,
,,,0.026320000000,   2.72000,
,,,0.026340000000,   2.72000,
,,,0.026360000000,   2.72000,
,,,0.026380000000,   2.72000,
,,,0.026400000000,   2.72000,
,,,0.026420000000,   2.72000,
,,,0.026440000000,   2.72000,
,,,0.026460000000,   2.80000,
,,,0.026480000000,   2.80000,
,,,0.026500000000,   2.88000,
,,,0.026520000000,   2.96000,
,,,0.026540000000,   2.96000,
,,,0.026560000000,   3.04000,
,,,0.026580000000,   3.04000,
,,,0.026600000000,   3.12000,
,,,0.026620000000,   3.28000,
,,,0.026640000000,   3.36000,
,,,0.026660000000,   3.52000,
,,,0.026680000000,   3.68000,
,,,0.026700000000,   3.92000,
,,,0.026720000000,   4.16000,
,,,0.026740000000,   4.40000,
,,,0.026760000000,   4.64000,
,,,0.026780000000,   4.88000,
,,,0.026800000000,   5.12000,
,,,0.026820000000,   5.28000,
,,,0.026840000000,   5.52000,
,,,0.026860000000,   5.68000,
,,,0.026880000000,   5.76000,
,,,0.026900000000,   5.84000,
,,,0.026920000000,   6.00000,
,,,0.026940000000,   6.00000,
,,,0.026960000000,   6.08000,
,,,0.026980000000,   6.08000,
,,,0.027000000000,   6.16000,
,,,0.027020000000,   6.16000,
,,,0.027040000000,   6.24000,
,,,0.027060000000,   6.24000,
,,,0.027080000000,   6.24000,
,,,0.027100000000,   6.24000,
,,,0.027120000000,   6.24000,
,,,0.027140000000,   6.24000,
,,,0.027160000000,   6.24000,
,,,0.027180000000,   6.32000,
,,,0.027200000000,   6.32000,
,,,0.027220000000,   6.32000,
,,,0.027240000000,   6.32000,
,,,0.027260000000,   6.40000,
,,,0.027280000000,   6.40000,
,,,0.027300000000,   6.32000,
,,,0.027320000000,   6.32000,
,,,0.027340000000,   6.32000,
,,,0.027360000000,   6.24000,
,,,0.027380000000,   6.16000,
,,,0.027400000000,   6.08000,
,,,0.027420000000,   6.00000,
,,,0.027440000000,   6.00000,
,,,0.027460000000,   5.92000,
,,,0.027480000000,   5.84000,
,,,0.027500000000,   5.76000,
,,,0.027520000000,   5.76000,
,,,0.027540000000,   5.68000,
,,,0.027560000000,   5.68000,
,,,0.027580000000,   5.68000,
,,,0.027600000000,   5.68000,
,,,0.027620000000,   5.68000,
,,,0.027640000000,   5.76000,
,,,0.027660000000,   5.76000,
,,,0.027680000000,   5.76000,
,,,0.027700000000,   5.84000,
,,,0.027720000000,   5.92000,
,,,0.027740000000,   5.92000,
,,,0.027760000000,   6.00000,
,,,0.027780000000,   6.08000,
,,,0.027800000000,   6.24000,
,,,0.027820000000,   6.32000,
,,,0.027840000000,   6.48000,
,,,0.027860000000,   6.64000,
,,,0.027880000000,   6.80000,
,,,0.027900000000,   6.96000,
,,,0.027920000000,   7.04000,
,,,0.027940000000,   7.20000,
,,,0.027960000000,   7.28000,
,,,0.027980000000,   7.44000,
,,,0.028000000000,   7.52000,
,,,0.028020000000,   7.52000,
,,,0.028040000000,   7.60000,
,,,0.028060000000,   7.68000,
,,,0.028080000000,   7.68000,
,,,0.028100000000,   7.76000,
,,,0.028120000000,   7.76000,
,,,0.028140000000,   7.76000,
,,,0.028160000000,   7.84000,
,,,0.028180000000,   7.84000,
,,,0.028200000000,   7.84000,
,,,0.028220000000,   7.92000,
,,,0.028240000000,   7.92000,
,,,0.028260000000,   7.92000,
,,,0.028280000000,   7.92000,
,,,0.028300000000,   7.92000,
,,,0.028320000000,   7.92000,
,,,0.028340000000,   7.92000,
,,,0.028360000000,   7.84000,
,,,0.028380000000,   7.84000,
,,,0.028400000000,   7.84000,
,,,0.028420000000,   7.76000,
,,,0.028440000000,   7.76000,
,,,0.028460000000,   7.68000,
,,,0.028480000000,   7.60000,
,,,0.028500000000,   7.52000,
,,,0.028520000000,   7.44000,
,,,0.028540000000,   7.36000,
,,,0.028560000000,   7.28000,
,,,0.028580000000,   7.20000,
,,,0.028600000000,   7.12000,
,,,0.028620000000,   7.04000,
,,,0.028640000000,   6.96000,
,,,0.028660000000,   6.88000,
,,,0.028680000000,   6.80000,
,,,0.028700000000,   6.72000,
,,,0.028720000000,   6.72000,
,,,0.028740000000,   6.64000,
,,,0.028760000000,   6.64000,
,,,0.028780000000,   6.64000,
,,,0.028800000000,   6.64000,
,,,0.028820000000,   6.64000,
,,,0.028840000000,   6.64000,
,,,0.028860000000,   6.64000,
,,,0.028880000000,   6.64000,
,,,0.028900000000,   6.64000,
,,,0.028920000000,   6.64000,
,,,0.028940000000,   6.72000,
,,,0.028960000000,   6.72000,
,,,0.028980000000,   6.80000,
,,,0.029000000000,   6.96000,
,,,0.029020000000,   7.04000,
,,,0.029040000000,   7.20000,
,,,0.029060000000,   7.36000,
,,,0.029080000000,   7.44000,
,,,0.029100000000,   7.52000,
,,,0.029120000000,   7.60000,
,,,0.029140000000,   7.76000,
,,,0.029160000000,   7.76000,
,,,0.029180000000,   7.84000,
,,,0.029200000000,   7.84000,
,,,0.029220000000,   7.92000,
,,,0.029240000000,   7.92000,
,,,0.029260000000,   7.92000,
,,,0.029280000000,   7.92000,
,,,0.029300000000,   7.92000,
,,,0.029320000000,   7.92000,
,,,0.029340000000,   7.92000,
,,,0.029360000000,   7.92000,
,,,0.029380000000,   7.92000,
,,,0.029400000000,   7.84000,
,,,0.029420000000,   7.84000,
,,,0.029440000000,   7.84000,
,,,0.029460000000,   7.84000,
,,,0.029480000000,   7.76000,
,,,0.029500000000,   7.68000,
,,,0.029520000000,   7.60000,
,,,0.029540000000,   7.52000,
,,,0.029560000000,   7.44000,
,,,0.029580000000,   7.36000,
,,,0.029600000000,   7.28000,
,,,0.029620000000,   7.20000,
,,,0.029640000000,   7.04000,
,,,0.029660000000,   6.96000,
,,,0.029680000000,   6.88000,
,,,0.029700000000,   6.80000,
,,,0.029720000000,   6.72000,
,,,0.029740000000,   6.64000,
,,,0.029760000000,   6.56000,
,,,0.029780000000,   6.40000,
,,,0.029800000000,   6.32000,
,,,0.029820000000,   6.24000,
,,,0.029840000000,   6.16000,
,,,0.029860000000,   6.08000,
,,,0.029880000000,   6.08000,
,,,0.029900000000,   5.92000,
,,,0.029920000000,   5.84000,
,,,0.029940000000,   5.76000,
,,,0.029960000000,   5.68000,
,,,0.029980000000,   5.60000,
,,,0.030000000000,   5.52000,
,,,0.030020000000,   5.44000,
,,,0.030040000000,   5.36000,
,,,0.030060000000,   5.20000,
,,,0.030080000000,   5.12000,
,,,0.030100000000,   5.04000,
,,,0.030120000000,   5.04000,
,,,0.030140000000,   4.96000,
,,,0.030160000000,   4.96000,
,,,0.030180000000,   4.96000,
,,,0.030200000000,   5.04000,
,,,0.030220000000,   5.12000,
,,,0.030240000000,   5.12000,
,,,0.030260000000,   5.20000,
,,,0.030280000000,   5.28000,
,,,0.030300000000,   5.36000,
,,,0.030320000000,   5.36000,
,,,0.030340000000,   5.44000,
,,,0.030360000000,   5.44000,
,,,0.030380000000,   5.44000,
,,,0.030400000000,   5.44000,
,,,0.030420000000,   5.44000,
,,,0.030440000000,   5.36000,
,,,0.030460000000,   5.36000,
,,,0.030480000000,   5.28000,
,,,0.030500000000,   5.28000,
,,,0.030520000000,   5.20000,
,,,0.030540000000,   5.20000,
,,,0.030560000000,   5.12000,
,,,0.030580000000,   5.04000,
,,,0.030600000000,   5.04000,
,,,0.030620000000,   4.96000,
,,,0.030640000000,   4.88000,
,,,0.030660000000,   4.80000,
,,,0.030680000000,   4.72000,
,,,0.030700000000,   4.64000,
,,,0.030720000000,   4.48000,
,,,0.030740000000,   4.40000,
,,,0.030760000000,   4.32000,
,,,0.030780000000,   4.24000,
,,,0.030800000000,   4.08000,
,,,0.030820000000,   4.00000,
,,,0.030840000000,   3.92000,
,,,0.030860000000,   3.84000,
,,,0.030880000000,   3.76000,
,,,0.030900000000,   3.68000,
,,,0.030920000000,   3.60000,
,,,0.030940000000,   3.60000,
,,,0.030960000000,   3.52000,
,,,0.030980000000,   3.44000,
,,,0.031000000000,   3.36000,
,,,0.031020000000,   3.36000,
,,,0.031040000000,   3.28000,
,,,0.031060000000,   3.28000,
,,,0.031080000000,   3.20000,
,,,0.031100000000,   3.12000,
,,,0.031120000000,   3.12000,
,,,0.031140000000,   3.04000,
,,,0.031160000000,   3.04000,
,,,0.031180000000,   2.96000,
,,,0.031200000000,   2.88000,
,,,0.031220000000,   2.88000,
,,,0.031240000000,   2.80000,
,,,0.031260000000,   2.72000,
,,,0.031280000000,   2.72000,
,,,0.031300000000,   2.64000,
,,,0.031320000000,   2.64000,
,,,0.031340000000,   2.56000,
,,,0.031360000000,   2.56000,
,,,0.031380000000,   2.56000,
,,,0.031400000000,   2.56000,
,,,0.031420000000,   2.56000,
,,,0.031440000000,   2.56000,
,,,0.031460000000,   2.56000,
,,,0.031480000000,   2.56000,
,,,0.031500000000,   2.56000,
,,,0.031520000000,   2.56000,
,,,0.031540000000,   2.56000,
,,,0.031560000000,   2.56000,
,,,0.031580000000,   2.48000,
,,,0.031600000000,   2.48000,
,,,0.031620000000,   2.48000,
,,,0.031640000000,   2.48000,
,,,0.031660000000,   2.40000,
,,,0.031680000000,   2.40000,
,,,0.031700000000,   2.40000,
,,,0.031720000000,   2.32000,
,,,0.031740000000,   2.32000,
,,,0.031760000000,   2.32000,
,,,0.031780000000,   2.24000,
,,,0.031800000000,   2.24000,
,,,0.031820000000,   2.24000,
,,,0.031840000000,   2.24000,
,,,0.031860000000,   2.16000,
,,,0.031880000000,   2.16000,
,,,0.031900000000,   2.08000,
,,,0.031920000000,   2.08000,
,,,0.031940000000,   2.08000,
,,,0.031960000000,   2.00000,
,,,0.031980000000,   2.00000,
,,,0.032000000000,   2.00000,
,,,0.032020000000,   1.92000,
,,,0.032040000000,   1.92000,
,,,0.032060000000,   1.92000,
,,,0.032080000000,   1.92000,
,,,0.032100000000,   1.84000,
,,,0.032120000000,   1.84000,
,,,0.032140000000,   1.84000,
,,,0.032160000000,   1.84000,
,,,0.032180000000,   1.76000,
,,,0.032200000000,   1.76000,
,,,0.032220000000,   1.76000,
,,,0.032240000000,   1.76000,
,,,0.032260000000,   1.76000,
,,,0.032280000000,   1.68000,
,,,0.032300000000,   1.68000,
,,,0.032320000000,   1.68000,
,,,0.032340000000,   1.68000,
,,,0.032360000000,   1.68000,
,,,0.032380000000,   1.68000,
,,,0.032400000000,   1.60000,
,,,0.032420000000,   1.60000,
,,,0.032440000000,   1.60000,
,,,0.032460000000,   1.60000,
,,,0.032480000000,   1.52000,
,,,0.032500000000,   1.52000,
,,,0.032520000000,   1.52000,
,,,0.032540000000,   1.52000,
,,,0.032560000000,   1.52000,
,,,0.032580000000,   1.52000,
,,,0.032600000000,   1.52000,
,,,0.032620000000,   1.52000,
,,,0.032640000000,   1.52000,
,,,0.032660000000,   1.52000,
,,,0.032680000000,   1.52000,
,,,0.032700000000,   1.52000,
,,,0.032720000000,   1.44000,
,,,0.032740000000,   1.44000,
,,,0.032760000000,   1.44000,
,,,0.032780000000,   1.44000,
,,,0.032800000000,   1.44000,
,,,0.032820000000,   1.44000,
,,,0.032840000000,   1.44000,
,,,0.032860000000,   1.44000,
,,,0.032880000000,   1.44000,
,,,0.032900000000,   1.44000,
,,,0.032920000000,   1.36000,
,,,0.032940000000,   1.36000,
,,,0.032960000000,   1.36000,
,,,0.032980000000,   1.36000,
,,,0.033000000000,   1.36000,
,,,0.033020000000,   1.36000,
,,,0.033040000000,   1.36000,
,,,0.033060000000,   1.36000,
,,,0.033080000000,   1.36000,
,,,0.033100000000,   1.36000,
,,,0.033120000000,   1.36000,
,,,0.033140000000,   1.28000,
,,,0.033160000000,   1.28000,
,,,0.033180000000,   1.28000,
,,,0.033200000000,   1.28000,
,,,0.033220000000,   1.28000,
,,,0.033240000000,   1.28000,
,,,0.033260000000,   1.28000,
,,,0.033280000000,   1.28000,
,,,0.033300000000,   1.28000,
,,,0.033320000000,   1.28000,
,,,0.033340000000,   1.28000,
,,,0.033360000000,   1.28000,
,,,0.033380000000,   1.28000,
,,,0.033400000000,   1.28000,
,,,0.033420000000,   1.28000,
,,,0.033440000000,   1.20000,
,,,0.033460000000,   1.20000,
,,,0.033480000000,   1.20000,
,,,0.033500000000,   1.20000,
,,,0.033520000000,   1.20000,
,,,0.033540000000,   1.20000,
,,,0.033560000000,   1.20000,
,,,0.033580000000,   1.20000,
,,,0.033600000000,   1.20000,
,,,0.033620000000,   1.20000,
,,,0.033640000000,   1.20000,
,,,0.033660000000,   1.20000,
,,,0.033680000000,   1.20000,
,,,0.033700000000,   1.20000,
,,,0.033720000000,   1.20000,
,,,0.033740000000,   1.20000,
,,,0.033760000000,   1.20000,
,,,0.033780000000,   1.12000,
,,,0.033800000000,   1.12000,
,,,0.033820000000,   1.20000,
,,,0.033840000000,   1.12000,
,,,0.033860000000,   1.12000,
,,,0.033880000000,   1.12000,
,,,0.033900000000,   1.12000,
,,,0.033920000000,   1.12000,
,,,0.033940000000,   1.12000,
,,,0.033960000000,   1.12000,
,,,0.033980000000,   1.12000,
,,,0.034000000000,   1.12000,
,,,0.034020000000,   1.12000,
,,,0.034040000000,   1.12000,
,,,0.034060000000,   1.12000,
,,,0.034080000000,   1.12000,
,,,0.034100000000,   1.12000,
,,,0.034120000000,   1.12000,
,,,0.034140000000,   1.12000,
,,,0.034160000000,   1.12000,
,,,0.034180000000,   1.12000,
,,,0.034200000000,   1.12000,
,,,0.034220000000,   1.12000,
,,,0.034240000000,   1.12000,
,,,0.034260000000,   1.12000,
,,,0.034280000000,   1.12000,
,,,0.034300000000,   1.12000,
,,,0.034320000000,   1.12000,
,,,0.034340000000,   1.12000,
,,,0.034360000000,   1.12000,
,,,0.034380000000,   1.12000,
,,,0.034400000000,   1.12000,
,,,0.034420000000,   1.12000,
,,,0.034440000000,   1.12000,
,,,0.034460000000,   1.12000,
,,,0.034480000000,   1.12000,
,,,0.034500000000,   1.12000,
,,,0.034520000000,   1.12000,
,,,0.034540000000,   1.12000,
,,,0.034560000000,   1.04000,
,,,0.034580000000,   1.12000,
,,,0.034600000000,   1.12000,
,,,0.034620000000,   1.04000,
,,,0.034640000000,   1.04000,
,,,0.034660000000,   1.04000,
,,,0.034680000000,   1.04000,
,,,0.034700000000,   1.04000,
,,,0.034720000000,   1.04000,
,,,0.034740000000,   1.04000,
,,,0.034760000000,   1.04000,
,,,0.034780000000,   1.04000,
,,,0.034800000000,   1.04000,
,,,0.034820000000,   1.04000,
,,,0.034840000000,   1.04000,
,,,0.034860000000,   1.04000,
,,,0.034880000000,   1.04000,
,,,0.034900000000,   1.04000,
,,,0.034920000000,   1.04000,
,,,0.034940000000,   1.04000,
,,,0.034960000000,   1.04000,
,,,0.034980000000,   1.04000,
,,,0.035000000000,   1.04000,
,,,0.035020000000,   1.04000,
,,,0.035040000000,   1.04000,
,,,0.035060000000,   1.04000,
,,,0.035080000000,   1.04000,
,,,0.035100000000,   1.04000,
,,,0.035120000000,   1.04000,
,,,0.035140000000,   1.04000,
,,,0.035160000000,   1.04000,
,,,0.035180000000,   1.04000,
,,,0.035200000000,   1.04000,
,,,0.035220000000,   1.04000,
,,,0.035240000000,   1.04000,
,,,0.035260000000,   1.04000,
,,,0.035280000000,   1.04000,
,,,0.035300000000,   1.04000,
,,,0.035320000000,   1.04000,
,,,0.035340000000,   1.04000,
,,,0.035360000000,   1.04000,
,,,0.035380000000,   1.04000,
,,,0.035400000000,   1.04000,
,,,0.035420000000,   1.04000,
,,,0.035440000000,   1.04000,
,,,0.035460000000,   1.04000,
,,,0.035480000000,   0.96000,
,,,0.035500000000,   0.96000,
,,,0.035520000000,   0.96000,
,,,0.035540000000,   0.96000,
,,,0.035560000000,   1.04000,
,,,0.035580000000,   0.96000,
,,,0.035600000000,   1.04000,
,,,0.035620000000,   0.96000,
,,,0.035640000000,   0.96000,
,,,0.035660000000,   0.96000,
,,,0.035680000000,   0.96000,
,,,0.035700000000,   0.96000,
,,,0.035720000000,   0.96000,
,,,0.035740000000,   0.96000,
,,,0.035760000000,   0.96000,
,,,0.035780000000,   0.96000,
,,,0.035800000000,   0.96000,
,,,0.035820000000,   0.96000,
,,,0.035840000000,   0.96000,
,,,0.035860000000,   0.96000,
,,,0.035880000000,   0.96000,
,,,0.035900000000,   0.96000,
,,,0.035920000000,   0.96000,
,,,0.035940000000,   0.96000,
,,,0.035960000000,   0.96000,
,,,0.035980000000,   0.96000,
,,,0.036000000000,   0.96000,
,,,0.036020000000,   0.96000,
,,,0.036040000000,   0.96000,
,,,0.036060000000,   0.96000,
,,,0.036080000000,   0.96000,
,,,0.036100000000,   0.96000,
,,,0.036120000000,   0.96000,
,,,0.036140000000,   0.96000,
,,,0.036160000000,   0.96000,
,,,0.036180000000,   0.96000,
,,,0.036200000000,   0.96000,
,,,0.036220000000,   0.96000,
,,,0.036240000000,   0.96000,
,,,0.036260000000,   0.96000,
,,,0.036280000000,   0.96000,
,,,0.036300000000,   0.96000,
,,,0.036320000000,   0.96000,
,,,0.036340000000,   0.96000,
,,,0.036360000000,   0.96000,
,,,0.036380000000,   0.96000,
,,,0.036400000000,   0.96000,
,,,0.036420000000,   0.96000,
,,,0.036440000000,   0.96000,
,,,0.036460000000,   0.96000,
,,,0.036480000000,   0.96000,
,,,0.036500000000,   0.96000,
,,,0.036520000000,   0.96000,
,,,0.036540000000,   0.96000,
,,,0.036560000000,   0.96000,
,,,0.036580000000,   0.96000,
,,,0.036600000000,   0.96000,
,,,0.036620000000,   0.96000,
,,,0.036640000000,   0.96000,
,,,0.036660000000,   0.96000,
,,,0.036680000000,   0.96000,
,,,0.036700000000,   0.96000,
,,,0.036720000000,   0.96000,
,,,0.036740000000,   0.96000,
,,,0.036760000000,   0.96000,
,,,0.036780000000,   0.96000,
,,,0.036800000000,   0.96000,
,,,0.036820000000,   0.96000,
,,,0.036840000000,   0.96000,
,,,0.036860000000,   0.96000,
,,,0.036880000000,   0.96000,
,,,0.036900000000,   0.96000,
,,,0.036920000000,   0.96000,
,,,0.036940000000,   0.96000,
,,,0.036960000000,   0.96000,
,,,0.036980000000,   0.96000,
,,,0.037000000000,   0.96000,
,,,0.037020000000,   0.96000,
,,,0.037040000000,   0.96000,
,,,0.037060000000,   0.96000,
,,,0.037080000000,   0.96000,
,,,0.037100000000,   0.96000,
,,,0.037120000000,   0.96000,
,,,0.037140000000,   0.96000,
,,,0.037160000000,   0.96000,
,,,0.037180000000,   0.96000,
,,,0.037200000000,   0.96000,
,,,0.037220000000,   0.96000,
,,,0.037240000000,   0.96000,
,,,0.037260000000,   0.96000,
,,,0.037280000000,   0.96000,
,,,0.037300000000,   0.96000,
,,,0.037320000000,   0.96000,
,,,0.037340000000,   0.96000,
,,,0.037360000000,   0.96000,
,,,0.037380000000,   0.96000,
,,,0.037400000000,   0.96000,
,,,0.037420000000,   0.96000,
,,,0.037440000000,   0.96000,
,,,0.037460000000,   0.96000,
,,,0.037480000000,   1.04000,
,,,0.037500000000,   0.96000,
,,,0.037520000000,   0.96000,
,,,0.037540000000,   0.96000,
,,,0.037560000000,   0.96000,
,,,0.037580000000,   1.04000,
,,,0.037600000000,   1.04000,
,,,0.037620000000,   0.96000,
,,,0.037640000000,   0.96000,
,,,0.037660000000,   1.04000,
,,,0.037680000000,   0.96000,
,,,0.037700000000,   1.04000,
,,,0.037720000000,   1.04000,
,,,0.037740000000,   1.04000,
,,,0.037760000000,   1.04000,
,,,0.037780000000,   1.04000,
,,,0.037800000000,   1.04000,
,,,0.037820000000,   1.04000,
,,,0.037840000000,   1.04000,
,,,0.037860000000,   1.04000,
,,,0.037880000000,   1.04000,
,,,0.037900000000,   1.04000,
,,,0.037920000000,   1.04000,
,,,0.037940000000,   0.96000,
,,,0.037960000000,   1.04000,
,,,0.037980000000,   1.04000,
,,,0.038000000000,   1.04000,
,,,0.038020000000,   1.04000,
,,,0.038040000000,   1.04000,
,,,0.038060000000,   0.96000,
,,,0.038080000000,   1.04000,
,,,0.038100000000,   1.04000,
,,,0.038120000000,   0.96000,
,,,0.038140000000,   1.04000,
,,,0.038160000000,   1.04000,
,,,0.038180000000,   1.04000,
,,,0.038200000000,   0.96000,
,,,0.038220000000,   0.96000,
,,,0.038240000000,   0.96000,
,,,0.038260000000,   0.96000,
,,,0.038280000000,   0.96000,
,,,0.038300000000,   0.96000,
,,,0.038320000000,   0.96000,
,,,0.038340000000,   0.96000,
,,,0.038360000000,   0.96000,
,,,0.038380000000,   0.96000,
,,,0.038400000000,   0.96000,
,,,0.038420000000,   0.96000,
,,,0.038440000000,   0.96000,
,,,0.038460000000,   0.96000,
,,,0.038480000000,   0.96000,
,,,0.038500000000,   0.96000,
,,,0.038520000000,   0.96000,
,,,0.038540000000,   0.96000,
,,,0.038560000000,   0.96000,
,,,0.038580000000,   0.96000,
,,,0.038600000000,   0.96000,
,,,0.038620000000,   0.96000,
,,,0.038640000000,   0.96000,
,,,0.038660000000,   0.96000,
,,,0.038680000000,   0.96000,
,,,0.038700000000,   0.96000,
,,,0.038720000000,   0.96000,
,,,0.038740000000,   0.96000,
,,,0.038760000000,   0.96000,
,,,0.038780000000,   1.04000,
,,,0.038800000000,   0.96000,
,,,0.038820000000,   0.96000,
,,,0.038840000000,   0.96000,
,,,0.038860000000,   1.04000,
,,,0.038880000000,   1.04000,
,,,0.038900000000,   0.96000,
,,,0.038920000000,   0.96000,
,,,0.038940000000,   1.04000,
,,,0.038960000000,   0.96000,
,,,0.038980000000,   1.04000,
,,,0.039000000000,   1.04000,
,,,0.039020000000,   1.04000,
,,,0.039040000000,   1.04000,
,,,0.039060000000,   1.04000,
,,,0.039080000000,   1.04000,
,,,0.039100000000,   1.04000,
,,,0.039120000000,   1.04000,
,,,0.039140000000,   1.04000,
,,,0.039160000000,   1.04000,
,,,0.039180000000,   1.04000,
,,,0.039200000000,   1.04000,
,,,0.039220000000,   1.04000,
,,,0.039240000000,   1.04000,
,,,0.039260000000,   1.04000,
,,,0.039280000000,   1.04000,
,,,0.039300000000,   1.04000,
,,,0.039320000000,   1.04000,
,,,0.039340000000,   1.04000,
,,,0.039360000000,   1.04000,
,,,0.039380000000,   1.04000,
,,,0.039400000000,   1.04000,
,,,0.039420000000,   1.04000,
,,,0.039440000000,   1.04000,
,,,0.039460000000,   1.04000,
,,,0.039480000000,   1.04000,
,,,0.039500000000,   1.04000,
,,,0.039520000000,   1.04000,
,,,0.039540000000,   1.04000,
,,,0.039560000000,   1.04000,
,,,0.039580000000,   1.04000,
,,,0.039600000000,   1.04000,
,,,0.039620000000,   1.04000,
,,,0.039640000000,   1.04000,
,,,0.039660000000,   1.04000,
,,,0.039680000000,   1.04000,
,,,0.039700000000,   1.04000,
,,,0.039720000000,   1.04000,
,,,0.039740000000,   1.04000,
,,,0.039760000000,   1.04000,
,,,0.039780000000,   1.04000,
,,,0.039800000000,   1.04000,
,,,0.039820000000,   1.04000,
,,,0.039840000000,   1.04000,
,,,0.039860000000,   1.04000,
,,,0.039880000000,   1.04000,
,,,0.039900000000,   1.04000,
,,,0.039920000000,   1.12000,
,,,0.039940000000,   1.12000,
,,,0.039960000000,   1.12000,
,,,0.039980000000,   1.12000,
,,,0.040000000000,   1.12000,
,,,0.040020000000,   1.12000,
,,,0.040040000000,   1.12000,
,,,0.040060000000,   1.12000,
,,,0.040080000000,   1.12000,
,,,0.040100000000,   1.12000,
,,,0.040120000000,   1.12000,
,,,0.040140000000,   1.12000,
,,,0.040160000000,   1.12000,
,,,0.040180000000,   1.12000,
,,,0.040200000000,   1.12000,
,,,0.040220000000,   1.12000,
,,,0.040240000000,   1.12000,
,,,0.040260000000,   1.12000,
,,,0.040280000000,   1.12000,
,,,0.040300000000,   1.12000,
,,,0.040320000000,   1.12000,
,,,0.040340000000,   1.12000,
,,,0.040360000000,   1.12000,
,,,0.040380000000,   1.12000,
,,,0.040400000000,   1.12000,
,,,0.040420000000,   1.12000,
,,,0.040440000000,   1.20000,
,,,0.040460000000,   1.20000,
,,,0.040480000000,   1.20000,
,,,0.040500000000,   1.20000,
,,,0.040520000000,   1.12000,
,,,0.040540000000,   1.20000,
,,,0.040560000000,   1.20000,
,,,0.040580000000,   1.20000,
,,,0.040600000000,   1.20000,
,,,0.040620000000,   1.20000,
,,,0.040640000000,   1.20000,
,,,0.040660000000,   1.20000,
,,,0.040680000000,   1.20000,
,,,0.040700000000,   1.20000,
,,,0.040720000000,   1.20000,
,,,0.040740000000,   1.20000,
,,,0.040760000000,   1.20000,
,,,0.040780000000,   1.20000,
,,,0.040800000000,   1.20000,
,,,0.040820000000,   1.20000,
,,,0.040840000000,   1.20000,
,,,0.040860000000,   1.28000,
,,,0.040880000000,   1.20000,
,,,0.040900000000,   1.28000,
,,,0.040920000000,   1.28000,
,,,0.040940000000,   1.28000,
,,,0.040960000000,   1.28000,
,,,0.040980000000,   1.28000,
,,,0.041000000000,   1.28000,
,,,0.041020000000,   1.28000,
,,,0.041040000000,   1.28000,
,,,0.041060000000,   1.28000,
,,,0.041080000000,   1.28000,
,,,0.041100000000,   1.28000,
,,,0.041120000000,   1.28000,
,,,0.041140000000,   1.36000,
,,,0.041160000000,   1.36000,
,,,0.041180000000,   1.36000,
,,,0.041200000000,   1.36000,
,,,0.041220000000,   1.36000,
,,,0.041240000000,   1.36000,
,,,0.041260000000,   1.44000,
,,,0.041280000000,   1.44000,
,,,0.041300000000,   1.44000,
,,,0.041320000000,   1.44000,
,,,0.041340000000,   1.44000,
,,,0.041360000000,   1.44000,
,,,0.041380000000,   1.44000,
,,,0.041400000000,   1.52000,
,,,0.041420000000,   1.52000,
,,,0.041440000000,   1.52000,
,,,0.041460000000,   1.52000,
,,,0.041480000000,   1.52000,
,,,0.041500000000,   1.52000,
,,,0.041520000000,   1.52000,
,,,0.041540000000,   1.60000,
,,,0.041560000000,   1.60000,
,,,0.041580000000,   1.60000,
,,,0.041600000000,   1.60000,
,,,0.041620000000,   1.68000,
,,,0.041640000000,   1.68000,
,,,0.041660000000,   1.68000,
,,,0.041680000000,   1.76000,
,,,0.041700000000,   1.76000,
,,,0.041720000000,   1.76000,
,,,0.041740000000,   1.76000,
,,,0.041760000000,   1.76000,
,,,0.041780000000,   1.84000,
,,,0.041800000000,   1.84000,
,,,0.041820000000,   1.76000,
,,,0.041840000000,   1.76000,
,,,0.041860000000,   1.76000,
,,,0.041880000000,   1.76000,
,,,0.041900000000,   1.76000,
,,,0.041920000000,   1.76000,
,,,0.041940000000,   1.76000,
,,,0.041960000000,   1.84000,
,,,0.041980000000,   1.84000,
,,,0.042000000000,   1.84000,
,,,0.042020000000,   1.84000,
,,,0.042040000000,   1.84000,
,,,0.042060000000,   1.84000,
,,,0.042080000000,   1.92000,
,,,0.042100000000,   1.92000,
,,,0.042120000000,   1.92000,
,,,0.042140000000,   1.92000,
,,,0.042160000000,   2.00000,
,,,0.042180000000,   2.00000,
,,,0.042200000000,   2.00000,
,,,0.042220000000,   2.00000,
,,,0.042240000000,   2.08000,
,,,0.042260000000,   2.08000,
,,,0.042280000000,   2.16000,
,,,0.042300000000,   2.16000,
,,,0.042320000000,   2.24000,
,,,0.042340000000,   2.32000,
,,,0.042360000000,   2.40000,
,,,0.042380000000,   2.56000,
,,,0.042400000000,   2.64000,
,,,0.042420000000,   2.80000,
,,,0.042440000000,   2.96000,
,,,0.042460000000,   3.12000,
,,,0.042480000000,   3.28000,
,,,0.042500000000,   3.36000,
,,,0.042520000000,   3.52000,
,,,0.042540000000,   3.60000,
,,,0.042560000000,   3.68000,
,,,0.042580000000,   3.76000,
,,,0.042600000000,   3.84000,
,,,0.042620000000,   3.84000,
,,,0.042640000000,   3.92000,
,,,0.042660000000,   3.92000,
,,,0.042680000000,   4.00000,
,,,0.042700000000,   4.08000,
,,,0.042720000000,   4.16000,
,,,0.042740000000,   4.16000,
,,,0.042760000000,   4.24000,
,,,0.042780000000,   4.32000,
,,,0.042800000000,   4.48000,
,,,0.042820000000,   4.56000,
,,,0.042840000000,   4.64000,
,,,0.042860000000,   4.80000,
,,,0.042880000000,   4.96000,
,,,0.042900000000,   5.12000,
,,,0.042920000000,   5.20000,
,,,0.042940000000,   5.36000,
,,,0.042960000000,   5.52000,
,,,0.042980000000,   5.60000,
,,,0.043000000000,   5.76000,
,,,0.043020000000,   5.84000,
,,,0.043040000000,   5.84000,
,,,0.043060000000,   5.92000,
,,,0.043080000000,   5.92000,
,,,0.043100000000,   5.92000,
,,,0.043120000000,   5.84000,
,,,0.043140000000,   5.76000,
,,,0.043160000000,   5.68000,
,,,0.043180000000,   5.52000,
,,,0.043200000000,   5.44000,
,,,0.043220000000,   5.36000,
,,,0.043240000000,   5.20000,
,,,0.043260000000,   5.20000,
,,,0.043280000000,   5.20000,
,,,0.043300000000,   5.20000,
,,,0.043320000000,   5.20000,
,,,0.043340000000,   5.28000,
,,,0.043360000000,   5.36000,
,,,0.043380000000,   5.52000,
,,,0.043400000000,   5.68000,
,,,0.043420000000,   5.76000,
,,,0.043440000000,   5.92000,
,,,0.043460000000,   6.08000,
,,,0.043480000000,   6.32000,
,,,0.043500000000,   6.40000,
,,,0.043520000000,   6.56000,
,,,0.043540000000,   6.72000,
,,,0.043560000000,   6.80000,
,,,0.043580000000,   6.96000,
,,,0.043600000000,   7.12000,
,,,0.043620000000,   7.36000,
,,,0.043640000000,   7.52000,
,,,0.043660000000,   7.68000,
,,,0.043680000000,   7.84000,
,,,0.043700000000,   8.08000,
,,,0.043720000000,   8.24000,
,,,0.043740000000,   8.32000,
,,,0.043760000000,   8.48000,
,,,0.043780000000,   8.64000,
,,,0.043800000000,   8.72000,
,,,0.043820000000,   8.80000,
,,,0.043840000000,   8.88000,
,,,0.043860000000,   8.96000,
,,,0.043880000000,   8.96000,
,,,0.043900000000,   9.04000,
,,,0.043920000000,   9.12000,
,,,0.043940000000,   9.12000,
,,,0.043960000000,   9.12000,
,,,0.043980000000,   9.20000,
,,,0.044000000000,   9.20000,
,,,0.044020000000,   9.28000,
,,,0.044040000000,   9.28000,
,,,0.044060000000,   9.36000,
,,,0.044080000000,   9.36000,
,,,0.044100000000,   9.36000,
,,,0.044120000000,   9.44000,
,,,0.044140000000,   9.44000,
,,,0.044160000000,   9.44000,
,,,0.044180000000,   9.44000,
,,,0.044200000000,   9.44000,
,,,0.044220000000,   9.44000,
,,,0.044240000000,   9.44000,
,,,0.044260000000,   9.36000,
,,,0.044280000000,   9.36000,
,,,0.044300000000,   9.28000,
,,,0.044320000000,   9.28000,
,,,0.044340000000,   9.20000,
,,,0.044360000000,   9.12000,
,,,0.044380000000,   9.04000,
,,,0.044400000000,   8.96000,
,,,0.044420000000,   8.88000,
,,,0.044440000000,   8.80000,
,,,0.044460000000,   8.72000,
,,,0.044480000000,   8.64000,
,,,0.044500000000,   8.56000,
,,,0.044520000000,   8.48000,
,,,0.044540000000,   8.32000,
,,,0.044560000000,   8.32000,
,,,0.044580000000,   8.16000,
,,,0.044600000000,   8.08000,
,,,0.044620000000,   8.00000,
,,,0.044640000000,   7.92000,
,,,0.044660000000,   7.92000,
,,,0.044680000000,   7.84000,
,,,0.044700000000,   7.84000,
,,,0.044720000000,   7.84000,
,,,0.044740000000,   7.84000,
,,,0.044760000000,   7.84000,
,,,0.044780000000,   7.76000,
,,,0.044800000000,   7.84000,
,,,0.044820000000,   7.76000,
,,,0.044840000000,   7.76000,
,,,0.044860000000,   7.76000,
,,,0.044880000000,   7.84000,
,,,0.044900000000,   7.84000,
,,,0.044920000000,   7.92000,
,,,0.044940000000,   8.00000,
,,,0.044960000000,   8.08000,
,,,0.044980000000,   8.08000,
,,,0.045000000000,   8.24000,
,,,0.045020000000,   8.24000,
,,,0.045040000000,   8.32000,
,,,0.045060000000,   8.40000,
,,,0.045080000000,   8.40000,
,,,0.045100000000,   8.48000,
,,,0.045120000000,   8.48000,
,,,0.045140000000,   8.48000,
,,,0.045160000000,   8.56000,
,,,0.045180000000,   8.56000,
,,,0.045200000000,   8.56000,
,,,0.045220000000,   8.56000,
,,,0.045240000000,   8.56000,
,,,0.045260000000,   8.56000,
,,,0.045280000000,   8.56000,
,,,0.045300000000,   8.56000,
,,,0.045320000000,   8.56000,
,,,0.045340000000,   8.56000,
,,,0.045360000000,   8.48000,
,,,0.045380000000,   8.56000,
,,,0.045400000000,   8.48000,
,,,0.045420000000,   8.48000,
,,,0.045440000000,   8.48000,
,,,0.045460000000,   8.48000,
,,,0.045480000000,   8.40000,
,,,0.045500000000,   8.32000,
,,,0.045520000000,   8.32000,
,,,0.045540000000,   8.24000,
,,,0.045560000000,   8.16000,
,,,0.045580000000,   8.08000,
,,,0.045600000000,   8.00000,
,,,0.045620000000,   7.92000,
,,,0.045640000000,   7.84000,
,,,0.045660000000,   7.68000,
,,,0.045680000000,   7.60000,
,,,0.045700000000,   7.52000,
,,,0.045720000000,   7.44000,
,,,0.045740000000,   7.36000,
,,,0.045760000000,   7.28000,
,,,0.045780000000,   7.20000,
,,,0.045800000000,   7.12000,
,,,0.045820000000,   7.04000,
,,,0.045840000000,   6.96000,
,,,0.045860000000,   6.80000,
,,,0.045880000000,   6.72000,
,,,0.045900000000,   6.64000,
,,,0.045920000000,   6.56000,
,,,0.045940000000,   6.48000,
,,,0.045960000000,   6.40000,
,,,0.045980000000,   6.32000,
,,,0.046000000000,   6.16000,
,,,0.046020000000,   6.16000,
,,,0.046040000000,   6.00000,
,,,0.046060000000,   5.92000,
,,,0.046080000000,   5.84000,
,,,0.046100000000,   5.76000,
,,,0.046120000000,   5.68000,
,,,0.046140000000,   5.60000,
,,,0.046160000000,   5.44000,
,,,0.046180000000,   5.36000,
,,,0.046200000000,   5.28000,
,,,0.046220000000,   5.20000,
,,,0.046240000000,   5.20000,
,,,0.046260000000,   5.20000,
,,,0.046280000000,   5.20000,
,,,0.046300000000,   5.20000,
,,,0.046320000000,   5.20000,
,,,0.046340000000,   5.28000,
,,,0.046360000000,   5.36000,
,,,0.046380000000,   5.44000,
,,,0.046400000000,   5.44000,
,,,0.046420000000,   5.52000,
,,,0.046440000000,   5.52000,
,,,0.046460000000,   5.52000,
,,,0.046480000000,   5.52000,
,,,0.046500000000,   5.52000,
,,,0.046520000000,   5.52000,
,,,0.046540000000,   5.44000,
,,,0.046560000000,   5.44000,
,,,0.046580000000,   5.44000,
,,,0.046600000000,   5.36000,
,,,0.046620000000,   5.36000,
,,,0.046640000000,   5.36000,
,,,0.046660000000,   5.28000,
,,,0.046680000000,   5.28000,
,,,0.046700000000,   5.20000,
,,,0.046720000000,   5.20000,
,,,0.046740000000,   5.12000,
,,,0.046760000000,   5.12000,
,,,0.046780000000,   5.04000,
,,,0.046800000000,   5.04000,
,,,0.046820000000,   4.96000,
,,,0.046840000000,   4.88000,
,,,0.046860000000,   4.88000,
,,,0.046880000000,   4.80000,
,,,0.046900000000,   4.72000,
,,,0.046920000000,   4.64000,
,,,0.046940000000,   4.56000,
,,,0.046960000000,   4.48000,
,,,0.046980000000,   4.40000,
,,,0.047000000000,   4.32000,
,,,0.047020000000,   4.24000,
,,,0.047040000000,   4.08000,
,,,0.047060000000,   4.00000,
,,,0.047080000000,   4.00000,
,,,0.047100000000,   3.92000,
,,,0.047120000000,   3.84000,
,,,0.047140000000,   3.76000,
,,,0.047160000000,   3.68000,
,,,0.047180000000,   3.68000,
,,,0.047200000000,   3.60000,
,,,0.047220000000,   3.52000,
,,,0.047240000000,   3.52000,
,,,0.047260000000,   3.52000,
,,,0.047280000000,   3.44000,
,,,0.047300000000,   3.44000,
,,,0.047320000000,   3.44000,
,,,0.047340000000,   3.44000,
,,,0.047360000000,   3.44000,
,,,0.047380000000,   3.44000,
,,,0.047400000000,   3.44000,
,,,0.047420000000,   3.44000,
,,,0.047440000000,   3.44000,
,,,0.047460000000,   3.44000,
,,,0.047480000000,   3.44000,
,,,0.047500000000,   3.44000,
,,,0.047520000000,   3.52000,
,,,0.047540000000,   3.60000,
,,,0.047560000000,   3.68000,
,,,0.047580000000,   3.84000,
,,,0.047600000000,   4.00000,
,,,0.047620000000,   4.16000,
,,,0.047640000000,   4.40000,
,,,0.047660000000,   4.56000,
,,,0.047680000000,   4.72000,
,,,0.047700000000,   4.88000,
,,,0.047720000000,   4.96000,
,,,0.047740000000,   5.12000,
,,,0.047760000000,   5.20000,
,,,0.047780000000,   5.28000,
,,,0.047800000000,   5.36000,
,,,0.047820000000,   5.44000,
,,,0.047840000000,   5.44000,
,,,0.047860000000,   5.52000,
,,,0.047880000000,   5.52000,
,,,0.047900000000,   5.60000,
,,,0.047920000000,   5.60000,
,,,0.047940000000,   5.60000,
,,,0.047960000000,   5.68000,
,,,0.047980000000,   5.68000,
,,,0.048000000000,   5.68000,
,,,0.048020000000,   5.68000,
,,,0.048040000000,   5.76000,
,,,0.048060000000,   5.76000,
,,,0.048080000000,   5.76000,
,,,0.048100000000,   5.84000,
,,,0.048120000000,   5.84000,
,,,0.048140000000,   5.84000,
,,,0.048160000000,   5.92000,
,,,0.048180000000,   5.92000,
,,,0.048200000000,   6.00000,
,,,0.048220000000,   6.00000,
,,,0.048240000000,   6.00000,
,,,0.048260000000,   5.92000,
,,,0.048280000000,   5.92000,
,,,0.048300000000,   5.84000,
,,,0.048320000000,   5.76000,
,,,0.048340000000,   5.68000,
,,,0.048360000000,   5.52000,
,,,0.048380000000,   5.44000,
,,,0.048400000000,   5.36000,
,,,0.048420000000,   5.20000,
,,,0.048440000000,   5.12000,
,,,0.048460000000,   5.04000,
,,,0.048480000000,   4.96000,
,,,0.048500000000,   4.88000,
,,,0.048520000000,   4.88000,
,,,0.048540000000,   4.88000,
,,,0.048560000000,   4.88000,
,,,0.048580000000,   4.96000,
,,,0.048600000000,   5.04000,
,,,0.048620000000,   5.12000,
,,,0.048640000000,   5.20000,
,,,0.048660000000,   5.28000,
,,,0.048680000000,   5.44000,
,,,0.048700000000,   5.52000,
,,,0.048720000000,   5.60000,
,,,0.048740000000,   5.68000,
,,,0.048760000000,   5.76000,
,,,0.048780000000,   5.84000,
,,,0.048800000000,   5.92000,
,,,0.048820000000,   6.00000,
,,,0.048840000000,   6.16000,
,,,0.048860000000,   6.32000,
,,,0.048880000000,   6.48000,
,,,0.048900000000,   6.64000,
,,,0.048920000000,   6.80000,
,,,0.048940000000,   6.96000,
,,,0.048960000000,   7.04000,
,,,0.048980000000,   7.20000,
,,,0.049000000000,   7.28000,
,,,0.049020000000,   7.44000,
,,,0.049040000000,   7.52000,
,,,0.049060000000,   7.60000,
,,,0.049080000000,   7.68000,
,,,0.049100000000,   7.76000,
,,,0.049120000000,   7.76000,
,,,0.049140000000,   7.84000,
,,,0.049160000000,   7.84000,
,,,0.049180000000,   7.84000,
,,,0.049200000000,   7.92000,
,,,0.049220000000,   7.92000,
,,,0.049240000000,   8.00000,
,,,0.049260000000,   8.00000,
,,,0.049280000000,   8.00000,
,,,0.049300000000,   8.00000,
,,,0.049320000000,   8.08000,
,,,0.049340000000,   8.08000,
,,,0.049360000000,   8.00000,
,,,0.049380000000,   8.00000,
,,,0.049400000000,   8.00000,
,,,0.049420000000,   8.00000,
,,,0.049440000000,   7.92000,
,,,0.049460000000,   7.84000,
,,,0.049480000000,   7.84000,
,,,0.049500000000,   7.68000,
,,,0.049520000000,   7.68000,
,,,0.049540000000,   7.60000,
,,,0.049560000000,   7.52000,
,,,0.049580000000,   7.44000,
,,,0.049600000000,   7.36000,
,,,0.049620000000,   7.28000,
,,,0.049640000000,   7.20000,
,,,0.049660000000,   7.12000,
,,,0.049680000000,   7.04000,
,,,0.049700000000,   6.96000,
,,,0.049720000000,   6.88000,
,,,0.049740000000,   6.80000,
,,,0.049760000000,   6.72000,
,,,0.049780000000,   6.64000,
,,,0.049800000000,   6.56000,
,,,0.049820000000,   6.48000,
,,,0.049840000000,   6.32000,
,,,0.049860000000,   6.32000,
,,,0.049880000000,   6.16000,
,,,0.049900000000,   6.08000,
,,,0.049920000000,   6.00000,
,,,0.049940000000,   5.92000,
,,,0.049960000000,   5.84000,
,,,0.049980000000,   5.76000,
,,,0.050000000000,   5.68000,
,,,0.050020000000,   5.60000,
,,,0.050040000000,   5.52000,
,,,0.050060000000,   5.44000,
,,,0.050080000000,   5.28000,
,,,0.050100000000,   5.20000,
,,,0.050120000000,   5.12000,
,,,0.050140000000,   5.04000,
,,,0.050160000000,   4.96000,
,,,0.050180000000,   4.88000,
,,,0.050200000000,   4.88000,
,,,0.050220000000,   4.88000,
,,,0.050240000000,   4.96000,
,,,0.050260000000,   4.96000,
,,,0.050280000000,   5.04000,
,,,0.050300000000,   5.12000,
,,,0.050320000000,   5.20000,
,,,0.050340000000,   5.28000,
,,,0.050360000000,   5.36000,
,,,0.050380000000,   5.36000,
,,,0.050400000000,   5.36000,
,,,0.050420000000,   5.44000,
,,,0.050440000000,   5.36000,
,,,0.050460000000,   5.36000,
,,,0.050480000000,   5.36000,
,,,0.050500000000,   5.28000,
,,,0.050520000000,   5.28000,
,,,0.050540000000,   5.20000,
,,,0.050560000000,   5.20000,
,,,0.050580000000,   5.12000,
,,,0.050600000000,   5.12000,
,,,0.050620000000,   5.04000,
,,,0.050640000000,   4.96000,
,,,0.050660000000,   4.96000,
,,,0.050680000000,   4.88000,
,,,0.050700000000,   4.80000,
,,,0.050720000000,   4.72000,
,,,0.050740000000,   4.56000,
,,,0.050760000000,   4.48000,
,,,0.050780000000,   4.40000,
,,,0.050800000000,   4.24000,
,,,0.050820000000,   4.16000,
,,,0.050840000000,   4.08000,
,,,0.050860000000,   3.92000,
,,,0.050880000000,   3.84000,
,,,0.050900000000,   3.76000,
,,,0.050920000000,   3.68000,
,,,0.050940000000,   3.60000,
,,,0.050960000000,   3.52000,
,,,0.050980000000,   3.44000,
,,,0.051000000000,   3.36000,
,,,0.051020000000,   3.28000,
,,,0.051040000000,   3.28000,
,,,0.051060000000,   3.20000,
,,,0.051080000000,   3.12000,
,,,0.051100000000,   3.12000,
,,,0.051120000000,   3.04000,
,,,0.051140000000,   3.04000,
,,,0.051160000000,   2.96000,
,,,0.051180000000,   2.88000,
,,,0.051200000000,   2.88000,
,,,0.051220000000,   2.80000,
,,,0.051240000000,   2.80000,
,,,0.051260000000,   2.72000,
,,,0.051280000000,   2.72000,
,,,0.051300000000,   2.64000,
,,,0.051320000000,   2.56000,
,,,0.051340000000,   2.56000,
,,,0.051360000000,   2.48000,
,,,0.051380000000,   2.48000,
,,,0.051400000000,   2.48000,
,,,0.051420000000,   2.40000,
,,,0.051440000000,   2.40000,
,,,0.051460000000,   2.32000,
,,,0.051480000000,   2.32000,
,,,0.051500000000,   2.32000,
,,,0.051520000000,   2.32000,
,,,0.051540000000,   2.24000,
,,,0.051560000000,   2.24000,
,,,0.051580000000,   2.24000,
,,,0.051600000000,   2.24000,
,,,0.051620000000,   2.24000,
,,,0.051640000000,   2.24000,
,,,0.051660000000,   2.24000,
,,,0.051680000000,   2.32000,
,,,0.051700000000,   2.32000,
,,,0.051720000000,   2.32000,
,,,0.051740000000,   2.32000,
,,,0.051760000000,   2.32000,
,,,0.051780000000,   2.32000,
,,,0.051800000000,   2.32000,
,,,0.051820000000,   2.32000,
,,,0.051840000000,   2.32000,
,,,0.051860000000,   2.32000,
,,,0.051880000000,   2.32000,
,,,0.051900000000,   2.32000,
,,,0.051920000000,   2.40000,
,,,0.051940000000,   2.40000,
,,,0.051960000000,   2.48000,
,,,0.051980000000,   2.48000,
,,,0.052000000000,   2.56000,
,,,0.052020000000,   2.64000,
,,,0.052040000000,   2.72000,
,,,0.052060000000,   2.80000,
,,,0.052080000000,   2.88000,
,,,0.052100000000,   2.96000,
,,,0.052120000000,   3.04000,
,,,0.052140000000,   3.12000,
,,,0.052160000000,   3.20000,
,,,0.052180000000,   3.20000,
,,,0.052200000000,   3.20000,
,,,0.052220000000,   3.20000,
,,,0.052240000000,   3.20000,
,,,0.052260000000,   3.12000,
,,,0.052280000000,   3.12000,
,,,0.052300000000,   3.04000,
,,,0.052320000000,   2.96000,
,,,0.052340000000,   2.96000,
,,,0.052360000000,   2.88000,
,,,0.052380000000,   2.88000,
,,,0.052400000000,   2.80000,
,,,0.052420000000,   2.80000,
,,,0.052440000000,   2.80000,
,,,0.052460000000,   2.80000,
,,,0.052480000000,   2.80000,
,,,0.052500000000,   2.80000,
,,,0.052520000000,   2.80000,
,,,0.052540000000,   2.88000,
,,,0.052560000000,   2.96000,
,,,0.052580000000,   3.04000,
,,,0.052600000000,   3.12000,
,,,0.052620000000,   3.20000,
,,,0.052640000000,   3.36000,
,,,0.052660000000,   3.44000,
,,,0.052680000000,   3.52000,
,,,0.052700000000,   3.60000,
,,,0.052720000000,   3.68000,
,,,0.052740000000,   3.76000,
,,,0.052760000000,   3.92000,
,,,0.052780000000,   4.00000,
,,,0.052800000000,   4.24000,
,,,0.052820000000,   4.40000,
,,,0.052840000000,   4.56000,
,,,0.052860000000,   4.80000,
,,,0.052880000000,   5.04000,
,,,0.052900000000,   5.28000,
,,,0.052920000000,   5.52000,
,,,0.052940000000,   5.68000,
,,,0.052960000000,   5.92000,
,,,0.052980000000,   6.08000,
,,,0.053000000000,   6.24000,
,,,0.053020000000,   6.40000,
,,,0.053040000000,   6.56000,
,,,0.053060000000,   6.64000,
,,,0.053080000000,   6.72000,
,,,0.053100000000,   6.80000,
,,,0.053120000000,   6.88000,
,,,0.053140000000,   6.96000,
,,,0.053160000000,   6.96000,
,,,0.053180000000,   7.04000,
,,,0.053200000000,   7.04000,
,,,0.053220000000,   7.12000,
,,,0.053240000000,   7.12000,
,,,0.053260000000,   7.20000,
,,,0.053280000000,   7.20000,
,,,0.053300000000,   7.20000,
,,,0.053320000000,   7.20000,
,,,0.053340000000,   7.20000,
,,,0.053360000000,   7.28000,
,,,0.053380000000,   7.20000,
,,,0.053400000000,   7.20000,
,,,0.053420000000,   7.20000,
,,,0.053440000000,   7.20000,
,,,0.053460000000,   7.20000,
,,,0.053480000000,   7.12000,
,,,0.053500000000,   7.20000,
,,,0.053520000000,   7.12000,
,,,0.053540000000,   7.04000,
,,,0.053560000000,   7.04000,
,,,0.053580000000,   6.96000,
,,,0.053600000000,   6.88000,
,,,0.053620000000,   6.80000,
,,,0.053640000000,   6.72000,
,,,0.053660000000,   6.64000,
,,,0.053680000000,   6.56000,
,,,0.053700000000,   6.48000,
,,,0.053720000000,   6.40000,
,,,0.053740000000,   6.32000,
,,,0.053760000000,   6.32000,
,,,0.053780000000,   6.24000,
,,,0.053800000000,   6.16000,
,,,0.053820000000,   6.16000,
,,,0.053840000000,   6.16000,
,,,0.053860000000,   6.08000,
,,,0.053880000000,   6.08000,
,,,0.053900000000,   6.16000,
,,,0.053920000000,   6.16000,
,,,0.053940000000,   6.24000,
,,,0.053960000000,   6.32000,
,,,0.053980000000,   6.40000,
,,,0.054000000000,   6.40000,
,,,0.054020000000,   6.48000,
,,,0.054040000000,   6.56000,
,,,0.054060000000,   6.56000,
,,,0.054080000000,   6.64000,
,,,0.054100000000,   6.72000,
,,,0.054120000000,   6.80000,
,,,0.054140000000,   6.88000,
,,,0.054160000000,   6.96000,
,,,0.054180000000,   7.12000,
,,,0.054200000000,   7.20000,
,,,0.054220000000,   7.36000,
,,,0.054240000000,   7.44000,
,,,0.054260000000,   7.60000,
,,,0.054280000000,   7.68000,
,,,0.054300000000,   7.76000,
,,,0.054320000000,   7.84000,
,,,0.054340000000,   7.92000,
,,,0.054360000000,   8.00000,
,,,0.054380000000,   8.08000,
,,,0.054400000000,   8.08000,
,,,0.054420000000,   8.16000,
,,,0.054440000000,   8.16000,
,,,0.054460000000,   8.16000,
,,,0.054480000000,   8.24000,
,,,0.054500000000,   8.24000,
,,,0.054520000000,   8.24000,
,,,0.054540000000,   8.24000,
,,,0.054560000000,   8.24000,
,,,0.054580000000,   8.32000,
,,,0.054600000000,   8.32000,
,,,0.054620000000,   8.32000,
,,,0.054640000000,   8.40000,
,,,0.054660000000,   8.40000,
,,,0.054680000000,   8.40000,
,,,0.054700000000,   8.40000,
,,,0.054720000000,   8.40000,
,,,0.054740000000,   8.40000,
,,,0.054760000000,   8.32000,
,,,0.054780000000,   8.32000,
,,,0.054800000000,   8.32000,
,,,0.054820000000,   8.24000,
,,,0.054840000000,   8.24000,
,,,0.054860000000,   8.16000,
,,,0.054880000000,   8.08000,
,,,0.054900000000,   8.00000,
,,,0.054920000000,   7.92000,
,,,0.054940000000,   7.84000,
,,,0.054960000000,   7.84000,
,,,0.054980000000,   7.76000,
,,,0.055000000000,   7.60000,
,,,0.055020000000,   7.52000,
,,,0.055040000000,   7.52000,
,,,0.055060000000,   7.36000,
,,,0.055080000000,   7.28000,
,,,0.055100000000,   7.20000,
,,,0.055120000000,   7.20000,
,,,0.055140000000,   7.04000,
,,,0.055160000000,   7.04000,
,,,0.055180000000,   6.96000,
,,,0.055200000000,   6.96000,
,,,0.055220000000,   6.96000,
,,,0.055240000000,   6.96000,
,,,0.055260000000,   6.96000,
,,,0.055280000000,   6.96000,
,,,0.055300000000,   7.04000,
,,,0.055320000000,   7.04000,
,,,0.055340000000,   7.04000,
,,,0.055360000000,   7.12000,
,,,0.055380000000,   7.12000,
,,,0.055400000000,   7.12000,
,,,0.055420000000,   7.12000,
,,,0.055440000000,   7.20000,
,,,0.055460000000,   7.20000,
,,,0.055480000000,   7.28000,
,,,0.055500000000,   7.36000,
,,,0.055520000000,   7.44000,
,,,0.055540000000,   7.60000,
,,,0.055560000000,   7.68000,
,,,0.055580000000,   7.76000,
,,,0.055600000000,   7.84000,
,,,0.055620000000,   8.00000,
,,,0.055640000000,   8.08000,
,,,0.055660000000,   8.08000,
,,,0.055680000000,   8.16000,
,,,0.055700000000,   8.24000,
,,,0.055720000000,   8.24000,
,,,0.055740000000,   8.32000,
,,,0.055760000000,   8.32000,
,,,0.055780000000,   8.32000,
,,,0.055800000000,   8.32000,
,,,0.055820000000,   8.32000,
,,,0.055840000000,   8.32000,
,,,0.055860000000,   8.32000,
,,,0.055880000000,   8.32000,
,,,0.055900000000,   8.40000,
,,,0.055920000000,   8.40000,
,,,0.055940000000,   8.40000,
,,,0.055960000000,   8.40000,
,,,0.055980000000,   8.40000,
,,,0.056000000000,   8.32000,
,,,0.056020000000,   8.32000,
,,,0.056040000000,   8.24000,
,,,0.056060000000,   8.24000,
,,,0.056080000000,   8.24000,
,,,0.056100000000,   8.16000,
,,,0.056120000000,   8.08000,
,,,0.056140000000,   8.00000,
,,,0.056160000000,   7.92000,
,,,0.056180000000,   7.84000,
,,,0.056200000000,   7.76000,
,,,0.056220000000,   7.60000,
,,,0.056240000000,   7.52000,
,,,0.056260000000,   7.44000,
,,,0.056280000000,   7.36000,
,,,0.056300000000,   7.28000,
,,,0.056320000000,   7.20000,
,,,0.056340000000,   7.12000,
,,,0.056360000000,   6.96000,
,,,0.056380000000,   6.88000,
,,,0.056400000000,   6.80000,
,,,0.056420000000,   6.72000,
,,,0.056440000000,   6.64000,
,,,0.056460000000,   6.56000,
,,,0.056480000000,   6.48000,
,,,0.056500000000,   6.40000,
,,,0.056520000000,   6.32000,
,,,0.056540000000,   6.24000,
,,,0.056560000000,   6.16000,
,,,0.056580000000,   6.08000,
,,,0.056600000000,   6.00000,
,,,0.056620000000,   6.00000,
,,,0.056640000000,   5.92000,
,,,0.056660000000,   5.84000,
,,,0.056680000000,   5.76000,
,,,0.056700000000,   5.60000,
,,,0.056720000000,   5.60000,
,,,0.056740000000,   5.52000,
,,,0.056760000000,   5.44000,
,,,0.056780000000,   5.36000,
,,,0.056800000000,   5.28000,
,,,0.056820000000,   5.28000,
,,,0.056840000000,   5.28000,
,,,0.056860000000,   5.28000,
,,,0.056880000000,   5.28000,
,,,0.056900000000,   5.28000,
,,,0.056920000000,   5.28000,
,,,0.056940000000,   5.28000,
,,,0.056960000000,   5.36000,
,,,0.056980000000,   5.36000,
,,,0.057000000000,   5.44000,
,,,0.057020000000,   5.44000,
,,,0.057040000000,   5.52000,
,,,0.057060000000,   5.52000,
,,,0.057080000000,   5.60000,
,,,0.057100000000,   5.60000,
,,,0.057120000000,   5.60000,
,,,0.057140000000,   5.60000,
,,,0.057160000000,   5.68000,
,,,0.057180000000,   5.68000,
,,,0.057200000000,   5.60000,
,,,0.057220000000,   5.60000,
,,,0.057240000000,   5.60000,
,,,0.057260000000,   5.52000,
,,,0.057280000000,   5.52000,
,,,0.057300000000,   5.44000,
,,,0.057320000000,   5.36000,
,,,0.057340000000,   5.36000,
,,,0.057360000000,   5.28000,
,,,0.057380000000,   5.20000,
,,,0.057400000000,   5.20000,
,,,0.057420000000,   5.20000,
,,,0.057440000000,   5.12000,
,,,0.057460000000,   5.12000,
,,,0.057480000000,   5.12000,
,,,0.057500000000,   5.12000,
,,,0.057520000000,   5.20000,
,,,0.057540000000,   5.20000,
,,,0.057560000000,   5.20000,
,,,0.057580000000,   5.20000,
,,,0.057600000000,   5.20000,
,,,0.057620000000,   5.28000,
,,,0.057640000000,   5.28000,
,,,0.057660000000,   5.36000,
,,,0.057680000000,   5.44000,
,,,0.057700000000,   5.44000,
,,,0.057720000000,   5.52000,
,,,0.057740000000,   5.60000,
,,,0.057760000000,   5.68000,
,,,0.057780000000,   5.68000,
,,,0.057800000000,   5.84000,
,,,0.057820000000,   5.92000,
,,,0.057840000000,   6.00000,
,,,0.057860000000,   6.16000,
,,,0.057880000000,   6.32000,
,,,0.057900000000,   6.48000,
,,,0.057920000000,   6.56000,
,,,0.057940000000,   6.72000,
,,,0.057960000000,   6.88000,
,,,0.057980000000,   6.96000,
,,,0.058000000000,   7.04000,
,,,0.058020000000,   7.20000,
,,,0.058040000000,   7.36000,
,,,0.058060000000,   7.44000,
,,,0.058080000000,   7.60000,
,,,0.058100000000,   7.68000,
,,,0.058120000000,   7.76000,
,,,0.058140000000,   7.76000,
,,,0.058160000000,   7.76000,
,,,0.058180000000,   7.76000,
,,,0.058200000000,   7.68000,
,,,0.058220000000,   7.68000,
,,,0.058240000000,   7.68000,
,,,0.058260000000,   7.52000,
,,,0.058280000000,   7.44000,
,,,0.058300000000,   7.36000,
,,,0.058320000000,   7.28000,
,,,0.058340000000,   7.20000,
,,,0.058360000000,   7.20000,
,,,0.058380000000,   7.20000,
,,,0.058400000000,   7.20000,
,,,0.058420000000,   7.28000,
,,,0.058440000000,   7.36000,
,,,0.058460000000,   7.36000,
,,,0.058480000000,   7.44000,
,,,0.058500000000,   7.60000,
,,,0.058520000000,   7.60000,
,,,0.058540000000,   7.68000,
,,,0.058560000000,   7.76000,
,,,0.058580000000,   7.84000,
,,,0.058600000000,   7.92000,
,,,0.058620000000,   8.00000,
,,,0.058640000000,   8.08000,
,,,0.058660000000,   8.08000,
,,,0.058680000000,   8.08000,
,,,0.058700000000,   8.00000,
,,,0.058720000000,   7.92000,
,,,0.058740000000,   7.84000,
,,,0.058760000000,   7.68000,
,,,0.058780000000,   7.52000,
,,,0.058800000000,   7.44000,
,,,0.058820000000,   7.28000,
,,,0.058840000000,   7.20000,
,,,0.058860000000,   7.12000,
,,,0.058880000000,   7.12000,
,,,0.058900000000,   7.12000,
,,,0.058920000000,   7.12000,
,,,0.058940000000,   7.12000,
,,,0.058960000000,   7.20000,
,,,0.058980000000,   7.20000,
,,,0.059000000000,   7.28000,
,,,0.059020000000,   7.36000,
,,,0.059040000000,   7.44000,
,,,0.059060000000,   7.52000,
,,,0.059080000000,   7.44000,
,,,0.059100000000,   7.28000,
,,,0.059120000000,   7.12000,
,,,0.059140000000,   6.88000,
,,,0.059160000000,   6.64000,
,,,0.059180000000,   6.32000,
,,,0.059200000000,   6.08000,
,,,0.059220000000,   5.76000,
,,,0.059240000000,   5.60000,
,,,0.059260000000,   5.44000,
,,,0.059280000000,   5.28000,
,,,0.059300000000,   5.20000,
,,,0.059320000000,   5.04000,
,,,0.059340000000,   4.88000,
,,,0.059360000000,   4.72000,
,,,0.059380000000,   4.48000,
,,,0.059400000000,   4.32000,
,,,0.059420000000,   4.16000,
,,,0.059440000000,   4.00000,
,,,0.059460000000,   3.84000,
,,,0.059480000000,   3.76000,
,,,0.059500000000,   3.60000,
,,,0.059520000000,   3.52000,
,,,0.059540000000,   3.44000,
,,,0.059560000000,   3.36000,
,,,0.059580000000,   3.28000,
,,,0.059600000000,   3.28000,
,,,0.059620000000,   3.20000,
,,,0.059640000000,   3.20000,
,,,0.059660000000,   3.28000,
,,,0.059680000000,   3.36000,
,,,0.059700000000,   3.44000,
,,,0.059720000000,   3.52000,
,,,0.059740000000,   3.76000,
,,,0.059760000000,   3.92000,
,,,0.059780000000,   4.00000,
,,,0.059800000000,   4.00000,
,,,0.059820000000,   4.00000,
,,,0.059840000000,   4.08000,
,,,0.059860000000,   4.16000,
,,,0.059880000000,   4.24000,
,,,0.059900000000,   4.32000,
,,,0.059920000000,   4.48000,
,,,0.059940000000,   4.64000,
,,,0.059960000000,   4.80000,
,,,0.059980000000,   4.96000,
,,,0.060000000000,   5.20000,
,,,0.060020000000,   5.44000,
,,,0.060040000000,   5.68000,
,,,0.060060000000,   5.84000,
,,,0.060080000000,   6.08000,
,,,0.060100000000,   6.32000,
,,,0.060120000000,   6.32000,
,,,0.060140000000,   6.40000,
,,,0.060160000000,   6.40000,
,,,0.060180000000,   6.32000,
,,,0.060200000000,   6.16000,
,,,0.060220000000,   6.00000,
,,,0.060240000000,   5.92000,
,,,0.060260000000,   5.92000,
,,,0.060280000000,   5.92000,
,,,0.060300000000,   5.92000,
,,,0.060320000000,   5.92000,
,,,0.060340000000,   5.92000,
,,,0.060360000000,   6.00000,
,,,0.060380000000,   6.00000,
,,,0.060400000000,   6.08000,
,,,0.060420000000,   5.92000,
,,,0.060440000000,   5.76000,
,,,0.060460000000,   5.52000,
,,,0.060480000000,   5.36000,
,,,0.060500000000,   5.20000,
,,,0.060520000000,   5.04000,
,,,0.060540000000,   4.88000,
,,,0.060560000000,   4.80000,
,,,0.060580000000,   4.80000,
,,,0.060600000000,   4.80000,
,,,0.060620000000,   4.80000,
,,,0.060640000000,   4.88000,
,,,0.060660000000,   4.96000,
,,,0.060680000000,   5.04000,
,,,0.060700000000,   5.04000,
,,,0.060720000000,   4.96000,
,,,0.060740000000,   4.96000,
,,,0.060760000000,   4.96000,
,,,0.060780000000,   5.04000,
,,,0.060800000000,   5.12000,
,,,0.060820000000,   5.20000,
,,,0.060840000000,   5.28000,
,,,0.060860000000,   5.44000,
,,,0.060880000000,   5.68000,
,,,0.060900000000,   5.92000,
,,,0.060920000000,   6.08000,
,,,0.060940000000,   6.32000,
,,,0.060960000000,   6.48000,
,,,0.060980000000,   6.64000,
