Record Length,2.500000e+03,,  -0.000124800000,   0.68000,
Sample Interval,2.000000e-07,,  -0.000124600000,   0.44000,
Trigger Point,6.240000000000e+02,,  -0.000124400000,   0.32000,
,,,  -0.000124200000,   0.12000,
,,,  -0.000124000000,  -0.06000,
,,,  -0.000123800000,  -0.28000,
Source,CH2,,  -0.000123600000,  -0.48000,
Vertical Units,V,,  -0.000123400000,  -0.66000,
Vertical Scale,5.000000e-01,,  -0.000123200000,  -0.80000,
Vertical Offset,0.000000e+00,,  -0.000123000000,  -0.96000,
Horizontal Units,s,,  -0.000122800000,  -1.10000,
Horizontal Scale,5.000000e-05,,  -0.000122600000,  -1.24000,
Pt Fmt,Y,,  -0.000122400000,  -1.30000,
Yzero,0.000000e+00,,  -0.000122200000,  -1.40000,
Probe Atten,1.000000e+00,,  -0.000122000000,  -1.46000,
Model Number,TBS1072B-EDU,,  -0.000121800000,  -1.52000,
Serial Number,C013497,,  -0.000121600000,  -1.50000,
Firmware Version,FV:v4.0,,  -0.000121400000,  -1.46000,
,,,-00.000121200000,  -1.46000,
,,,-00.000121000000,  -1.38000,
,,,-00.000120800000,  -1.34000,
,,,-00.000120600000,  -1.22000,
,,,-00.000120400000,  -1.08000,
,,,-00.000120200000,  -0.98000,
,,,-00.000120000000,  -0.88000,
,,,-00.000119800000,  -0.74000,
,,,-00.000119600000,  -0.56000,
,,,-00.000119400000,  -0.42000,
,,,-00.000119200000,  -0.20000,
,,,-00.000119000000,  -0.04000,
,,,-00.000118800000,   0.18000,
,,,-00.000118600000,   0.34000,
,,,-00.000118400000,   0.52000,
,,,-00.000118200000,   0.70000,
,,,-00.000118000000,   0.86000,
,,,-00.000117800000,   1.02000,
,,,-00.000117600000,   1.16000,
,,,-00.000117400000,   1.26000,
,,,-00.000117200000,   1.34000,
,,,-00.000117000000,   1.44000,
,,,-00.000116800000,   1.46000,
,,,-00.000116600000,   1.52000,
,,,-00.000116400000,   1.50000,
,,,-00.000116200000,   1.50000,
,,,-00.000116000000,   1.42000,
,,,-00.000115800000,   1.38000,
,,,-00.000115600000,   1.34000,
,,,-00.000115400000,   1.22000,
,,,-00.000115200000,   1.10000,
,,,-00.000115000000,   0.96000,
,,,-00.000114800000,   0.80000,
,,,-00.000114600000,   0.64000,
,,,-00.000114400000,   0.44000,
,,,-00.000114200000,   0.26000,
,,,-00.000114000000,   0.10000,
,,,-00.000113800000,  -0.12000,
,,,-00.000113600000,  -0.30000,
,,,-00.000113400000,  -0.46000,
,,,-00.000113200000,  -0.64000,
,,,-00.000113000000,  -0.80000,
,,,-00.000112800000,  -0.94000,
,,,-00.000112600000,  -1.14000,
,,,-00.000112400000,  -1.22000,
,,,-00.000112200000,  -1.30000,
,,,-00.000112000000,  -1.38000,
,,,-00.000111800000,  -1.42000,
,,,-00.000111600000,  -1.46000,
,,,-00.000111400000,  -1.46000,
,,,-00.000111200000,  -1.46000,
,,,-00.000111000000,  -1.42000,
,,,-00.000110800000,  -1.34000,
,,,-00.000110600000,  -1.26000,
,,,-00.000110400000,  -1.18000,
,,,-00.000110200000,  -1.00000,
,,,-00.000110000000,  -0.98000,
,,,-00.000109800000,  -0.86000,
,,,-00.000109600000,  -0.70000,
,,,-00.000109400000,  -0.54000,
,,,-00.000109200000,  -0.36000,
,,,-00.000109000000,  -0.18000,
,,,-00.000108800000,   0.02000,
,,,-00.000108600000,   0.20000,
,,,-00.000108400000,   0.38000,
,,,-00.000108200000,   0.52000,
,,,-00.000108000000,   0.72000,
,,,-00.000107800000,   0.86000,
,,,-00.000107600000,   1.00000,
,,,-00.000107400000,   1.14000,
,,,-00.000107200000,   1.26000,
,,,-00.000107000000,   1.36000,
,,,-00.000106800000,   1.40000,
,,,-00.000106600000,   1.46000,
,,,-00.000106400000,   1.48000,
,,,-00.000106200000,   1.50000,
,,,-00.000106000000,   1.46000,
,,,-00.000105800000,   1.42000,
,,,-00.000105600000,   1.38000,
,,,-00.000105400000,   1.28000,
,,,-00.000105200000,   1.18000,
,,,-00.000105000000,   1.02000,
,,,-00.000104800000,   0.92000,
,,,-00.000104600000,   0.76000,
,,,-00.000104400000,   0.58000,
,,,-00.000104200000,   0.44000,
,,,-00.000104000000,   0.22000,
,,,-00.000103800000,   0.02000,
,,,-00.000103600000,  -0.14000,
,,,-00.000103400000,  -0.30000,
,,,-00.000103200000,  -0.50000,
,,,-00.000103000000,  -0.66000,
,,,-00.000102800000,  -0.80000,
,,,-00.000102600000,  -0.94000,
,,,-00.000102400000,  -1.08000,
,,,-00.000102200000,  -1.20000,
,,,-00.000102000000,  -1.26000,
,,,-00.000101800000,  -1.34000,
,,,-00.000101600000,  -1.42000,
,,,-00.000101400000,  -1.42000,
,,,-00.000101200000,  -1.44000,
,,,-00.000101000000,  -1.42000,
,,,-00.000100800000,  -1.36000,
,,,-00.000100600000,  -1.32000,
,,,-00.000100400000,  -1.22000,
,,,-00.000100200000,  -1.12000,
,,,-00.000100000000,  -0.98000,
,,,-00.000099800000,  -0.98000,
,,,-00.000099600000,  -0.82000,
,,,-00.000099400000,  -0.66000,
,,,-00.000099200000,  -0.50000,
,,,-00.000099000000,  -0.32000,
,,,-00.000098800000,  -0.14000,
,,,-00.000098600000,   0.04000,
,,,-00.000098400000,   0.18000,
,,,-00.000098200000,   0.38000,
,,,-00.000098000000,   0.52000,
,,,-00.000097800000,   0.68000,
,,,-00.000097600000,   0.84000,
,,,-00.000097400000,   0.98000,
,,,-00.000097200000,   1.16000,
,,,-00.000097000000,   1.22000,
,,,-00.000096800000,   1.28000,
,,,-00.000096600000,   1.36000,
,,,-00.000096400000,   1.42000,
,,,-00.000096200000,   1.44000,
,,,-00.000096000000,   1.44000,
,,,-00.000095800000,   1.44000,
,,,-00.000095600000,   1.40000,
,,,-00.000095400000,   1.32000,
,,,-00.000095200000,   1.24000,
,,,-00.000095000000,   1.12000,
,,,-00.000094800000,   1.00000,
,,,-00.000094600000,   0.86000,
,,,-00.000094400000,   0.72000,
,,,-00.000094200000,   0.64000,
,,,-00.000094000000,   0.38000,
,,,-00.000093800000,   0.20000,
,,,-00.000093600000,   0.02000,
,,,-00.000093400000,  -0.12000,
,,,-00.000093200000,  -0.32000,
,,,-00.000093000000,  -0.50000,
,,,-00.000092800000,  -0.66000,
,,,-00.000092600000,  -0.82000,
,,,-00.000092400000,  -0.94000,
,,,-00.000092200000,  -1.08000,
,,,-00.000092000000,  -1.18000,
,,,-00.000091800000,  -1.28000,
,,,-00.000091600000,  -1.30000,
,,,-00.000091400000,  -1.34000,
,,,-00.000091200000,  -1.36000,
,,,-00.000091000000,  -1.38000,
,,,-00.000090800000,  -1.36000,
,,,-00.000090600000,  -1.32000,
,,,-00.000090400000,  -1.26000,
,,,-00.000090200000,  -1.16000,
,,,-00.000090000000,  -1.10000,
,,,-00.000089800000,  -1.04000,
,,,-00.000089600000,  -0.90000,
,,,-00.000089400000,  -0.78000,
,,,-00.000089200000,  -0.60000,
,,,-00.000089000000,  -0.46000,
,,,-00.000088800000,  -0.30000,
,,,-00.000088600000,  -0.16000,
,,,-00.000088400000,   0.02000,
,,,-00.000088200000,   0.22000,
,,,-00.000088000000,   0.38000,
,,,-00.000087800000,   0.56000,
,,,-00.000087600000,   0.68000,
,,,-00.000087400000,   0.82000,
,,,-00.000087200000,   0.98000,
,,,-00.000087000000,   1.12000,
,,,-00.000086800000,   1.20000,
,,,-00.000086600000,   1.26000,
,,,-00.000086400000,   1.32000,
,,,-00.000086200000,   1.36000,
,,,-00.000086000000,   1.40000,
,,,-00.000085800000,   1.38000,
,,,-00.000085600000,   1.34000,
,,,-00.000085400000,   1.34000,
,,,-00.000085200000,   1.26000,
,,,-00.000085000000,   1.18000,
,,,-00.000084800000,   1.08000,
,,,-00.000084600000,   0.96000,
,,,-00.000084400000,   0.82000,
,,,-00.000084200000,   0.66000,
,,,-00.000084000000,   0.50000,
,,,-00.000083800000,   0.36000,
,,,-00.000083600000,   0.20000,
,,,-00.000083400000,   0.00000,
,,,-00.000083200000,  -0.16000,
,,,-00.000083000000,  -0.34000,
,,,-00.000082800000,  -0.46000,
,,,-00.000082600000,  -0.64000,
,,,-00.000082400000,  -0.78000,
,,,-00.000082200000,  -0.90000,
,,,-00.000082000000,  -1.04000,
,,,-00.000081800000,  -1.12000,
,,,-00.000081600000,  -1.22000,
,,,-00.000081400000,  -1.26000,
,,,-00.000081200000,  -1.32000,
,,,-00.000081000000,  -1.36000,
,,,-00.000080800000,  -1.32000,
,,,-00.000080600000,  -1.32000,
,,,-00.000080400000,  -1.28000,
,,,-00.000080200000,  -1.22000,
,,,-00.000080000000,  -1.12000,
,,,-00.000079800000,  -1.12000,
,,,-00.000079600000,  -0.94000,
,,,-00.000079400000,  -0.86000,
,,,-00.000079200000,  -0.76000,
,,,-00.000079000000,  -0.62000,
,,,-00.000078800000,  -0.42000,
,,,-00.000078600000,  -0.28000,
,,,-00.000078400000,  -0.12000,
,,,-00.000078200000,   0.04000,
,,,-00.000078000000,   0.18000,
,,,-00.000077800000,   0.34000,
,,,-00.000077600000,   0.52000,
,,,-00.000077400000,   0.68000,
,,,-00.000077200000,   0.78000,
,,,-00.000077000000,   0.94000,
,,,-00.000076800000,   1.06000,
,,,-00.000076600000,   1.16000,
,,,-00.000076400000,   1.22000,
,,,-00.000076200000,   1.28000,
,,,-00.000076000000,   1.34000,
,,,-00.000075800000,   1.34000,
,,,-00.000075600000,   1.34000,
,,,-00.000075400000,   1.32000,
,,,-00.000075200000,   1.26000,
,,,-00.000075000000,   1.22000,
,,,-00.000074800000,   1.18000,
,,,-00.000074600000,   1.02000,
,,,-00.000074400000,   0.94000,
,,,-00.000074200000,   0.80000,
,,,-00.000074000000,   0.62000,
,,,-00.000073800000,   0.52000,
,,,-00.000073600000,   0.36000,
,,,-00.000073400000,   0.16000,
,,,-00.000073200000,   0.02000,
,,,-00.000073000000,  -0.14000,
,,,-00.000072800000,  -0.32000,
,,,-00.000072600000,  -0.48000,
,,,-00.000072400000,  -0.64000,
,,,-00.000072200000,  -0.78000,
,,,-00.000072000000,  -0.90000,
,,,-00.000071800000,  -1.02000,
,,,-00.000071600000,  -1.10000,
,,,-00.000071400000,  -1.18000,
,,,-00.000071200000,  -1.24000,
,,,-00.000071000000,  -1.28000,
,,,-00.000070800000,  -1.30000,
,,,-00.000070600000,  -1.28000,
,,,-00.000070400000,  -1.26000,
,,,-00.000070200000,  -1.22000,
,,,-00.000070000000,  -1.16000,
,,,-00.000069800000,  -1.10000,
,,,-00.000069600000,  -0.10000,
,,,-00.000069400000,   0.08000,
,,,-00.000069200000,   0.00000,
,,,-00.000069000000,  -0.04000,
,,,-00.000068800000,   0.04000,
,,,-00.000068600000,  -0.02000,
,,,-00.000068400000,  -0.02000,
,,,-00.000068200000,   0.02000,
,,,-00.000068000000,   0.00000,
,,,-00.000067800000,   0.02000,
,,,-00.000067600000,   0.00000,
,,,-00.000067400000,   0.02000,
,,,-00.000067200000,   0.00000,
,,,-00.000067000000,   0.02000,
,,,-00.000066800000,   0.04000,
,,,-00.000066600000,   0.02000,
,,,-00.000066400000,   0.00000,
,,,-00.000066200000,   0.02000,
,,,-00.000066000000,   0.04000,
,,,-00.000065800000,   0.00000,
,,,-00.000065600000,   0.00000,
,,,-00.000065400000,   0.06000,
,,,-00.000065200000,   0.00000,
,,,-00.000065000000,   0.00000,
,,,-00.000064800000,  -0.02000,
,,,-00.000064600000,  -0.02000,
,,,-00.000064400000,   0.00000,
,,,-00.000064200000,   0.02000,
,,,-00.000064000000,  -0.02000,
,,,-00.000063800000,  -0.04000,
,,,-00.000063600000,   0.02000,
,,,-00.000063400000,  -0.04000,
,,,-00.000063200000,  -0.02000,
,,,-00.000063000000,   0.00000,
,,,-00.000062800000,   0.00000,
,,,-00.000062600000,  -0.02000,
,,,-00.000062400000,  -0.04000,
,,,-00.000062200000,  -0.02000,
,,,-00.000062000000,  -0.02000,
,,,-00.000061800000,  -0.02000,
,,,-00.000061600000,   0.02000,
,,,-00.000061400000,   0.02000,
,,,-00.000061200000,   0.00000,
,,,-00.000061000000,   0.00000,
,,,-00.000060800000,   0.02000,
,,,-00.000060600000,   0.00000,
,,,-00.000060400000,   0.00000,
,,,-00.000060200000,   0.00000,
,,,-00.000060000000,   0.00000,
,,,-00.000059800000,   0.04000,
,,,-00.000059600000,  -0.02000,
,,,-00.000059400000,   0.02000,
,,,-00.000059200000,   0.00000,
,,,-00.000059000000,   0.02000,
,,,-00.000058800000,  -0.02000,
,,,-00.000058600000,  -0.02000,
,,,-00.000058400000,   0.02000,
,,,-00.000058200000,   0.00000,
,,,-00.000058000000,  -0.02000,
,,,-00.000057800000,   0.02000,
,,,-00.000057600000,  -0.02000,
,,,-00.000057400000,   0.00000,
,,,-00.000057200000,   0.00000,
,,,-00.000057000000,   0.02000,
,,,-00.000056800000,   0.02000,
,,,-00.000056600000,   0.00000,
,,,-00.000056400000,   0.02000,
,,,-00.000056200000,   0.02000,
,,,-00.000056000000,   0.02000,
,,,-00.000055800000,   0.04000,
,,,-00.000055600000,  -0.02000,
,,,-00.000055400000,   0.02000,
,,,-00.000055200000,   0.02000,
,,,-00.000055000000,   0.02000,
,,,-00.000054800000,   0.00000,
,,,-00.000054600000,   0.02000,
,,,-00.000054400000,   0.02000,
,,,-00.000054200000,   0.02000,
,,,-00.000054000000,   0.00000,
,,,-00.000053800000,   0.00000,
,,,-00.000053600000,  -0.02000,
,,,-00.000053400000,   0.00000,
,,,-00.000053200000,   0.00000,
,,,-00.000053000000,   0.00000,
,,,-00.000052800000,  -0.02000,
,,,-00.000052600000,   0.00000,
,,,-00.000052400000,  -0.02000,
,,,-00.000052200000,  -0.04000,
,,,-00.000052000000,  -0.04000,
,,,-00.000051800000,  -0.02000,
,,,-00.000051600000,   0.00000,
,,,-00.000051400000,   0.00000,
,,,-00.000051200000,   0.04000,
,,,-00.000051000000,  -0.02000,
,,,-00.000050800000,   0.00000,
,,,-00.000050600000,   0.00000,
,,,-00.000050400000,   0.00000,
,,,-00.000050200000,   0.02000,
,,,-00.000050000000,   0.00000,
,,,-00.000049800000,   0.04000,
,,,-00.000049600000,   0.00000,
,,,-00.000049400000,   0.00000,
,,,-00.000049200000,   0.02000,
,,,-00.000049000000,   0.02000,
,,,-00.000048800000,   0.02000,
,,,-00.000048600000,   0.00000,
,,,-00.000048400000,   0.00000,
,,,-00.000048200000,   0.00000,
,,,-00.000048000000,   0.00000,
,,,-00.000047800000,   0.00000,
,,,-00.000047600000,  -0.02000,
,,,-00.000047400000,   0.00000,
,,,-00.000047200000,  -0.02000,
,,,-00.000047000000,   0.00000,
,,,-00.000046800000,  -0.02000,
,,,-00.000046600000,   0.00000,
,,,-00.000046400000,   0.02000,
,,,-00.000046200000,   0.00000,
,,,-00.000046000000,   0.02000,
,,,-00.000045800000,   0.02000,
,,,-00.000045600000,   0.00000,
,,,-00.000045400000,   0.02000,
,,,-00.000045200000,   0.04000,
,,,-00.000045000000,   0.00000,
,,,-00.000044800000,   0.02000,
,,,-00.000044600000,   0.02000,
,,,-00.000044400000,   0.00000,
,,,-00.000044200000,  -0.02000,
,,,-00.000044000000,   0.02000,
,,,-00.000043800000,   0.00000,
,,,-00.000043600000,  -0.04000,
,,,-00.000043400000,   0.00000,
,,,-00.000043200000,  -0.02000,
,,,-00.000043000000,  -0.02000,
,,,-00.000042800000,   0.00000,
,,,-00.000042600000,   0.00000,
,,,-00.000042400000,  -0.04000,
,,,-00.000042200000,  -0.02000,
,,,-00.000042000000,  -0.02000,
,,,-00.000041800000,  -0.02000,
,,,-00.000041600000,  -0.02000,
,,,-00.000041400000,   0.00000,
,,,-00.000041200000,  -0.02000,
,,,-00.000041000000,   0.02000,
,,,-00.000040800000,   0.02000,
,,,-00.000040600000,   0.02000,
,,,-00.000040400000,   0.02000,
,,,-00.000040200000,   0.04000,
,,,-00.000040000000,   0.00000,
,,,-00.000039800000,   0.02000,
,,,-00.000039600000,   0.04000,
,,,-00.000039400000,   0.04000,
,,,-00.000039200000,  -0.02000,
,,,-00.000039000000,   0.00000,
,,,-00.000038800000,   0.00000,
,,,-00.000038600000,  -0.02000,
,,,-00.000038400000,   0.00000,
,,,-00.000038200000,  -0.02000,
,,,-00.000038000000,   0.02000,
,,,-00.000037800000,  -0.02000,
,,,-00.000037600000,   0.00000,
,,,-00.000037400000,   0.00000,
,,,-00.000037200000,   0.00000,
,,,-00.000037000000,  -0.02000,
,,,-00.000036800000,  -0.02000,
,,,-00.000036600000,   0.02000,
,,,-00.000036400000,   0.02000,
,,,-00.000036200000,  -0.02000,
,,,-00.000036000000,   0.00000,
,,,-00.000035800000,   0.02000,
,,,-00.000035600000,   0.02000,
,,,-00.000035400000,   0.04000,
,,,-00.000035200000,   0.02000,
,,,-00.000035000000,   0.04000,
,,,-00.000034800000,   0.02000,
,,,-00.000034600000,   0.02000,
,,,-00.000034400000,   0.02000,
,,,-00.000034200000,   0.00000,
,,,-00.000034000000,   0.00000,
,,,-00.000033800000,   0.02000,
,,,-00.000033600000,   0.00000,
,,,-00.000033400000,   0.04000,
,,,-00.000033200000,   0.02000,
,,,-00.000033000000,   0.00000,
,,,-00.000032800000,  -0.02000,
,,,-00.000032600000,  -0.04000,
,,,-00.000032400000,  -0.04000,
,,,-00.000032200000,  -0.02000,
,,,-00.000032000000,   0.02000,
,,,-00.000031800000,  -0.02000,
,,,-00.000031600000,   0.00000,
,,,-00.000031400000,  -0.02000,
,,,-00.000031200000,   0.00000,
,,,-00.000031000000,   0.02000,
,,,-00.000030800000,   0.02000,
,,,-00.000030600000,   0.02000,
,,,-00.000030400000,   0.02000,
,,,-00.000030200000,   0.04000,
,,,-00.000030000000,   0.02000,
,,,-00.000029800000,   0.04000,
,,,-00.000029600000,   0.02000,
,,,-00.000029400000,   0.02000,
,,,-00.000029200000,   0.08000,
,,,-00.000029000000,   0.02000,
,,,-00.000028800000,   0.02000,
,,,-00.000028600000,   0.00000,
,,,-00.000028400000,   0.02000,
,,,-00.000028200000,  -0.02000,
,,,-00.000028000000,   0.00000,
,,,-00.000027800000,  -0.02000,
,,,-00.000027600000,   0.00000,
,,,-00.000027400000,  -0.02000,
,,,-00.000027200000,   0.00000,
,,,-00.000027000000,   0.00000,
,,,-00.000026800000,   0.02000,
,,,-00.000026600000,  -0.02000,
,,,-00.000026400000,   0.02000,
,,,-00.000026200000,   0.04000,
,,,-00.000026000000,   0.00000,
,,,-00.000025800000,   0.00000,
,,,-00.000025600000,   0.00000,
,,,-00.000025400000,   0.02000,
,,,-00.000025200000,   0.04000,
,,,-00.000025000000,   0.04000,
,,,-00.000024800000,   0.02000,
,,,-00.000024600000,   0.02000,
,,,-00.000024400000,   0.00000,
,,,-00.000024200000,   0.02000,
,,,-00.000024000000,   0.02000,
,,,-00.000023800000,   0.00000,
,,,-00.000023600000,  -0.02000,
,,,-00.000023400000,   0.00000,
,,,-00.000023200000,   0.00000,
,,,-00.000023000000,   0.00000,
,,,-00.000022800000,   0.02000,
,,,-00.000022600000,  -0.02000,
,,,-00.000022400000,  -0.02000,
,,,-00.000022200000,  -0.04000,
,,,-00.000022000000,  -0.02000,
,,,-00.000021800000,   0.02000,
,,,-00.000021600000,  -0.02000,
,,,-00.000021400000,   0.02000,
,,,-00.000021200000,   0.00000,
,,,-00.000021000000,   0.00000,
,,,-00.000020800000,  -0.02000,
,,,-00.000020600000,   0.02000,
,,,-00.000020400000,   0.00000,
,,,-00.000020200000,   0.04000,
,,,-00.000020000000,   0.04000,
,,,-00.000019800000,   0.04000,
,,,-00.000019600000,   0.02000,
,,,-00.000019400000,   0.02000,
,,,-00.000019200000,   0.00000,
,,,-00.000019000000,   0.02000,
,,,-00.000018800000,   0.02000,
,,,-00.000018600000,   0.00000,
,,,-00.000018400000,  -0.02000,
,,,-00.000018200000,   0.02000,
,,,-00.000018000000,   0.02000,
,,,-00.000017800000,  -0.02000,
,,,-00.000017600000,  -0.02000,
,,,-00.000017400000,  -0.02000,
,,,-00.000017200000,  -0.02000,
,,,-00.000017000000,  -0.02000,
,,,-00.000016800000,  -0.02000,
,,,-00.000016600000,   0.00000,
,,,-00.000016400000,   0.00000,
,,,-00.000016200000,   0.04000,
,,,-00.000016000000,   0.02000,
,,,-00.000015800000,   0.00000,
,,,-00.000015600000,  -0.02000,
,,,-00.000015400000,   0.02000,
,,,-00.000015200000,   0.02000,
,,,-00.000015000000,   0.04000,
,,,-00.000014800000,   0.00000,
,,,-00.000014600000,   0.02000,
,,,-00.000014400000,   0.04000,
,,,-00.000014200000,   0.00000,
,,,-00.000014000000,   0.02000,
,,,-00.000013800000,   0.02000,
,,,-00.000013600000,   0.02000,
,,,-00.000013400000,   0.02000,
,,,-00.000013200000,   0.04000,
,,,-00.000013000000,   0.00000,
,,,-00.000012800000,  -0.02000,
,,,-00.000012600000,  -0.04000,
,,,-00.000012400000,  -0.02000,
,,,-00.000012200000,  -0.02000,
,,,-00.000012000000,   0.02000,
,,,-00.000011800000,   0.00000,
,,,-00.000011600000,   0.00000,
,,,-00.000011400000,   0.00000,
,,,-00.000011200000,  -0.02000,
,,,-00.000011000000,   0.00000,
,,,-00.000010800000,   0.02000,
,,,-00.000010600000,   0.00000,
,,,-00.000010400000,   0.02000,
,,,-00.000010200000,   0.00000,
,,,-00.000010000000,   0.06000,
,,,-00.000009800000,   0.04000,
,,,-00.000009600000,   0.02000,
,,,-00.000009400000,   0.02000,
,,,-00.000009200000,   0.00000,
,,,-00.000009000000,   0.02000,
,,,-00.000008800000,  -0.02000,
,,,-00.000008600000,   0.02000,
,,,-00.000008400000,   0.00000,
,,,-00.000008200000,  -0.02000,
,,,-00.000008000000,   0.00000,
,,,-00.000007800000,   0.02000,
,,,-00.000007600000,  -0.02000,
,,,-00.000007400000,   0.00000,
,,,-00.000007200000,  -0.04000,
,,,-00.000007000000,   0.00000,
,,,-00.000006800000,   0.02000,
,,,-00.000006600000,  -0.02000,
,,,-00.000006400000,   0.02000,
,,,-00.000006200000,   0.00000,
,,,-00.000006000000,   0.02000,
,,,-00.000005800000,  -0.02000,
,,,-00.000005600000,   0.00000,
,,,-00.000005400000,   0.00000,
,,,-00.000005200000,   0.00000,
,,,-00.000005000000,   0.04000,
,,,-00.000004800000,   0.02000,
,,,-00.000004600000,   0.02000,
,,,-00.000004400000,   0.00000,
,,,-00.000004200000,   0.00000,
,,,-00.000004000000,   0.00000,
,,,-00.000003800000,   0.00000,
,,,-00.000003600000,   0.02000,
,,,-00.000003400000,   0.04000,
,,,-00.000003200000,   0.00000,
,,,-00.000003000000,   0.02000,
,,,-00.000002800000,  -0.02000,
,,,-00.000002600000,  -0.04000,
,,,-00.000002400000,   0.00000,
,,,-00.000002200000,  -0.02000,
,,,-00.000002000000,   0.00000,
,,,-00.000001800000,   0.00000,
,,,-00.000001600000,   0.02000,
,,,-00.000001400000,  -0.02000,
,,,-00.000001200000,   0.02000,
,,,-00.000001000000,   0.00000,
,,,-00.000000800000,  -0.02000,
,,,-00.000000600000,   0.00000,
,,,-00.000000400000,   0.00000,
,,,-00.000000200000,   0.02000,
,,,-00.000000000000,   0.02000,
,,,00.000000200000,   0.02000,
,,,00.000000400000,   0.00000,
,,,00.000000600000,   0.00000,
,,,00.000000800000,   0.00000,
,,,00.000001000000,   0.00000,
,,,00.000001200000,  -0.10000,
,,,00.000001400000,   1.18000,
,,,00.000001600000,   1.04000,
,,,00.000001800000,   0.82000,
,,,00.000002000000,   0.64000,
,,,00.000002200000,   0.44000,
,,,00.000002400000,   0.24000,
,,,00.000002600000,   0.02000,
,,,00.000002800000,  -0.18000,
,,,00.000003000000,  -0.38000,
,,,00.000003200000,  -0.60000,
,,,00.000003400000,  -0.76000,
,,,00.000003600000,  -0.94000,
,,,00.000003800000,  -1.10000,
,,,00.000004000000,  -1.26000,
,,,00.000004200000,  -1.40000,
,,,00.000004400000,  -1.48000,
,,,00.000004600000,  -1.54000,
,,,00.000004800000,  -1.58000,
,,,00.000005000000,  -1.58000,
,,,00.000005200000,  -1.62000,
,,,00.000005400000,  -1.60000,
,,,00.000005600000,  -1.54000,
,,,00.000005800000,  -1.44000,
,,,00.000006000000,  -1.34000,
,,,00.000006200000,  -1.22000,
,,,00.000006400000,  -1.08000,
,,,00.000006600000,  -0.94000,
,,,00.000006800000,  -0.74000,
,,,00.000007000000,  -0.64000,
,,,00.000007200000,  -0.40000,
,,,00.000007400000,  -0.12000,
,,,00.000007600000,   0.10000,
,,,00.000007800000,   0.28000,
,,,00.000008000000,   0.48000,
,,,00.000008200000,   0.68000,
,,,00.000008400000,   0.82000,
,,,00.000008600000,   1.02000,
,,,00.000008800000,   1.18000,
,,,00.000009000000,   1.30000,
,,,00.000009200000,   1.44000,
,,,00.000009400000,   1.52000,
,,,00.000009600000,   1.60000,
,,,00.000009800000,   1.66000,
,,,00.000010000000,   1.68000,
,,,00.000010200000,   1.70000,
,,,00.000010400000,   1.66000,
,,,00.000010600000,   1.58000,
,,,00.000010800000,   1.52000,
,,,00.000011000000,   1.40000,
,,,00.000011200000,   1.30000,
,,,00.000011400000,   1.26000,
,,,00.000011600000,   1.16000,
,,,00.000011800000,   1.00000,
,,,00.000012000000,   0.84000,
,,,00.000012200000,   0.62000,
,,,00.000012400000,   0.44000,
,,,00.000012600000,   0.24000,
,,,00.000012800000,   0.04000,
,,,00.000013000000,  -0.18000,
,,,00.000013200000,  -0.36000,
,,,00.000013400000,  -0.56000,
,,,00.000013600000,  -0.76000,
,,,00.000013800000,  -0.92000,
,,,00.000014000000,  -1.06000,
,,,00.000014200000,  -1.22000,
,,,00.000014400000,  -1.34000,
,,,00.000014600000,  -1.46000,
,,,00.000014800000,  -1.52000,
,,,00.000015000000,  -1.56000,
,,,00.000015200000,  -1.58000,
,,,00.000015400000,  -1.62000,
,,,00.000015600000,  -1.58000,
,,,00.000015800000,  -1.52000,
,,,00.000016000000,  -1.44000,
,,,00.000016200000,  -1.34000,
,,,00.000016400000,  -1.26000,
,,,00.000016600000,  -1.12000,
,,,00.000016800000,  -0.94000,
,,,00.000017000000,  -0.76000,
,,,00.000017200000,  -0.52000,
,,,00.000017400000,  -0.36000,
,,,00.000017600000,  -0.18000,
,,,00.000017800000,   0.04000,
,,,00.000018000000,   0.26000,
,,,00.000018200000,   0.46000,
,,,00.000018400000,   0.64000,
,,,00.000018600000,   0.84000,
,,,00.000018800000,   1.02000,
,,,00.000019000000,   1.16000,
,,,00.000019200000,   1.32000,
,,,00.000019400000,   1.42000,
,,,00.000019600000,   1.52000,
,,,00.000019800000,   1.62000,
,,,00.000020000000,   1.64000,
,,,00.000020200000,   1.70000,
,,,00.000020400000,   1.68000,
,,,00.000020600000,   1.66000,
,,,00.000020800000,   1.60000,
,,,00.000021000000,   1.54000,
,,,00.000021200000,   1.44000,
,,,00.000021400000,   1.26000,
,,,00.000021600000,   1.30000,
,,,00.000021800000,   1.14000,
,,,00.000022000000,   0.98000,
,,,00.000022200000,   0.82000,
,,,00.000022400000,   0.64000,
,,,00.000022600000,   0.42000,
,,,00.000022800000,   0.22000,
,,,00.000023000000,   0.04000,
,,,00.000023200000,  -0.16000,
,,,00.000023400000,  -0.36000,
,,,00.000023600000,  -0.54000,
,,,00.000023800000,  -0.74000,
,,,00.000024000000,  -0.92000,
,,,00.000024200000,  -1.08000,
,,,00.000024400000,  -1.22000,
,,,00.000024600000,  -1.34000,
,,,00.000024800000,  -1.46000,
,,,00.000025000000,  -1.52000,
,,,00.000025200000,  -1.56000,
,,,00.000025400000,  -1.60000,
,,,00.000025600000,  -1.58000,
,,,00.000025800000,  -1.56000,
,,,00.000026000000,  -1.54000,
,,,00.000026200000,  -1.44000,
,,,00.000026400000,  -1.36000,
,,,00.000026600000,  -1.24000,
,,,00.000026800000,  -1.08000,
,,,00.000027000000,  -0.94000,
,,,00.000027200000,  -0.74000,
,,,00.000027400000,  -0.58000,
,,,00.000027600000,  -0.34000,
,,,00.000027800000,  -0.16000,
,,,00.000028000000,   0.02000,
,,,00.000028200000,   0.26000,
,,,00.000028400000,   0.46000,
,,,00.000028600000,   0.64000,
,,,00.000028800000,   0.84000,
,,,00.000029000000,   1.00000,
,,,00.000029200000,   1.16000,
,,,00.000029400000,   1.28000,
,,,00.000029600000,   1.44000,
,,,00.000029800000,   1.54000,
,,,00.000030000000,   1.58000,
,,,00.000030200000,   1.66000,
,,,00.000030400000,   1.66000,
,,,00.000030600000,   1.66000,
,,,00.000030800000,   1.62000,
,,,00.000031000000,   1.58000,
,,,00.000031200000,   1.52000,
,,,00.000031400000,   1.40000,
,,,00.000031600000,   1.42000,
,,,00.000031800000,   1.30000,
,,,00.000032000000,   1.16000,
,,,00.000032200000,   0.98000,
,,,00.000032400000,   0.80000,
,,,00.000032600000,   0.64000,
,,,00.000032800000,   0.42000,
,,,00.000033000000,   0.26000,
,,,00.000033200000,   0.06000,
,,,00.000033400000,  -0.14000,
,,,00.000033600000,  -0.36000,
,,,00.000033800000,  -0.56000,
,,,00.000034000000,  -0.76000,
,,,00.000034200000,  -0.92000,
,,,00.000034400000,  -1.08000,
,,,00.000034600000,  -1.22000,
,,,00.000034800000,  -1.32000,
,,,00.000035000000,  -1.42000,
,,,00.000035200000,  -1.52000,
,,,00.000035400000,  -1.56000,
,,,00.000035600000,  -1.60000,
,,,00.000035800000,  -1.58000,
,,,00.000036000000,  -1.56000,
,,,00.000036200000,  -1.52000,
,,,00.000036400000,  -1.44000,
,,,00.000036600000,  -1.34000,
,,,00.000036800000,  -1.24000,
,,,00.000037000000,  -1.10000,
,,,00.000037200000,  -0.94000,
,,,00.000037400000,  -0.78000,
,,,00.000037600000,  -0.60000,
,,,00.000037800000,  -0.38000,
,,,00.000038000000,  -0.18000,
,,,00.000038200000,   0.04000,
,,,00.000038400000,   0.24000,
,,,00.000038600000,   0.44000,
,,,00.000038800000,   0.64000,
,,,00.000039000000,   0.82000,
,,,00.000039200000,   1.02000,
,,,00.000039400000,   1.16000,
,,,00.000039600000,   1.32000,
,,,00.000039800000,   1.44000,
,,,00.000040000000,   1.50000,
,,,00.000040200000,   1.60000,
,,,00.000040400000,   1.64000,
,,,00.000040600000,   1.66000,
,,,00.000040800000,   1.66000,
,,,00.000041000000,   1.62000,
,,,00.000041200000,   1.58000,
,,,00.000041400000,   1.52000,
,,,00.000041600000,   1.40000,
,,,00.000041800000,   1.44000,
,,,00.000042000000,   1.32000,
,,,00.000042200000,   1.16000,
,,,00.000042400000,   1.02000,
,,,00.000042600000,   0.82000,
,,,00.000042800000,   0.64000,
,,,00.000043000000,   0.44000,
,,,00.000043200000,   0.24000,
,,,00.000043400000,   0.06000,
,,,00.000043600000,  -0.18000,
,,,00.000043800000,  -0.36000,
,,,00.000044000000,  -0.56000,
,,,00.000044200000,  -0.78000,
,,,00.000044400000,  -0.92000,
,,,00.000044600000,  -1.08000,
,,,00.000044800000,  -1.24000,
,,,00.000045000000,  -1.38000,
,,,00.000045200000,  -1.44000,
,,,00.000045400000,  -1.50000,
,,,00.000045600000,  -1.54000,
,,,00.000045800000,  -1.62000,
,,,00.000046000000,  -1.58000,
,,,00.000046200000,  -1.58000,
,,,00.000046400000,  -1.54000,
,,,00.000046600000,  -1.44000,
,,,00.000046800000,  -1.36000,
,,,00.000047000000,  -1.24000,
,,,00.000047200000,  -1.10000,
,,,00.000047400000,  -0.96000,
,,,00.000047600000,  -0.80000,
,,,00.000047800000,  -0.56000,
,,,00.000048000000,  -0.36000,
,,,00.000048200000,  -0.16000,
,,,00.000048400000,   0.06000,
,,,00.000048600000,   0.20000,
,,,00.000048800000,   0.42000,
,,,00.000049000000,   0.64000,
,,,00.000049200000,   0.86000,
,,,00.000049400000,   1.00000,
,,,00.000049600000,   1.18000,
,,,00.000049800000,   1.30000,
,,,00.000050000000,   1.42000,
,,,00.000050200000,   1.50000,
,,,00.000050400000,   1.58000,
,,,00.000050600000,   1.64000,
,,,00.000050800000,   1.68000,
,,,00.000051000000,   1.68000,
,,,00.000051200000,   1.62000,
,,,00.000051400000,   1.56000,
,,,00.000051600000,   1.52000,
,,,00.000051800000,   1.42000,
,,,00.000052000000,   1.42000,
,,,00.000052200000,   1.32000,
,,,00.000052400000,   1.14000,
,,,00.000052600000,   1.00000,
,,,00.000052800000,   0.82000,
,,,00.000053000000,   0.62000,
,,,00.000053200000,   0.44000,
,,,00.000053400000,   0.22000,
,,,00.000053600000,   0.02000,
,,,00.000053800000,  -0.16000,
,,,00.000054000000,  -0.36000,
,,,00.000054200000,  -0.56000,
,,,00.000054400000,  -0.76000,
,,,00.000054600000,  -0.92000,
,,,00.000054800000,  -1.10000,
,,,00.000055000000,  -1.24000,
,,,00.000055200000,  -1.36000,
,,,00.000055400000,  -1.48000,
,,,00.000055600000,  -1.54000,
,,,00.000055800000,  -1.58000,
,,,00.000056000000,  -1.60000,
,,,00.000056200000,  -1.60000,
,,,00.000056400000,  -1.58000,
,,,00.000056600000,  -1.56000,
,,,00.000056800000,  -1.46000,
,,,00.000057000000,  -1.34000,
,,,00.000057200000,  -1.24000,
,,,00.000057400000,  -1.08000,
,,,00.000057600000,  -0.92000,
,,,00.000057800000,  -0.70000,
,,,00.000058000000,  -0.56000,
,,,00.000058200000,  -0.38000,
,,,00.000058400000,  -0.18000,
,,,00.000058600000,   0.06000,
,,,00.000058800000,   0.28000,
,,,00.000059000000,   0.46000,
,,,00.000059200000,   0.66000,
,,,00.000059400000,   0.84000,
,,,00.000059600000,   1.02000,
,,,00.000059800000,   1.16000,
,,,00.000060000000,   1.30000,
,,,00.000060200000,   1.42000,
,,,00.000060400000,   1.52000,
,,,00.000060600000,   1.60000,
,,,00.000060800000,   1.66000,
,,,00.000061000000,   1.68000,
,,,00.000061200000,   1.66000,
,,,00.000061400000,   1.62000,
,,,00.000061600000,   1.60000,
,,,00.000061800000,   1.52000,
,,,00.000062000000,   1.58000,
,,,00.000062200000,   1.40000,
,,,00.000062400000,   1.28000,
,,,00.000062600000,   1.10000,
,,,00.000062800000,   0.98000,
,,,00.000063000000,   0.82000,
,,,00.000063200000,   0.62000,
,,,00.000063400000,   0.40000,
,,,00.000063600000,   0.22000,
,,,00.000063800000,   0.02000,
,,,00.000064000000,  -0.20000,
,,,00.000064200000,  -0.40000,
,,,00.000064400000,  -0.58000,
,,,00.000064600000,  -0.76000,
,,,00.000064800000,  -0.96000,
,,,00.000065000000,  -1.10000,
,,,00.000065200000,  -1.24000,
,,,00.000065400000,  -1.36000,
,,,00.000065600000,  -1.46000,
,,,00.000065800000,  -1.54000,
,,,00.000066000000,  -1.62000,
,,,00.000066200000,  -1.60000,
,,,00.000066400000,  -1.62000,
,,,00.000066600000,  -1.62000,
,,,00.000066800000,  -1.54000,
,,,00.000067000000,  -1.48000,
,,,00.000067200000,  -1.34000,
,,,00.000067400000,  -1.22000,
,,,00.000067600000,  -1.10000,
,,,00.000067800000,  -0.86000,
,,,00.000068000000,  -0.74000,
,,,00.000068200000,  -0.56000,
,,,00.000068400000,  -0.36000,
,,,00.000068600000,  -0.14000,
,,,00.000068800000,   0.06000,
,,,00.000069000000,   0.26000,
,,,00.000069200000,   0.50000,
,,,00.000069400000,   0.68000,
,,,00.000069600000,   0.86000,
,,,00.000069800000,   1.00000,
,,,00.000070000000,   1.18000,
,,,00.000070200000,   1.32000,
,,,00.000070400000,   1.46000,
,,,00.000070600000,   1.54000,
,,,00.000070800000,   1.60000,
,,,00.000071000000,   1.66000,
,,,00.000071200000,   1.68000,
,,,00.000071400000,   1.68000,
,,,00.000071600000,   1.66000,
,,,00.000071800000,   1.62000,
,,,00.000072000000,   1.44000,
,,,00.000072200000,   1.54000,
,,,00.000072400000,   1.40000,
,,,00.000072600000,   1.28000,
,,,00.000072800000,   1.14000,
,,,00.000073000000,   0.98000,
,,,00.000073200000,   0.80000,
,,,00.000073400000,   0.60000,
,,,00.000073600000,   0.40000,
,,,00.000073800000,   0.18000,
,,,00.000074000000,   0.00000,
,,,00.000074200000,  -0.24000,
,,,00.000074400000,  -0.42000,
,,,00.000074600000,  -0.64000,
,,,00.000074800000,  -0.78000,
,,,00.000075000000,  -1.00000,
,,,00.000075200000,  -1.14000,
,,,00.000075400000,  -1.28000,
,,,00.000075600000,  -1.38000,
,,,00.000075800000,  -1.48000,
,,,00.000076000000,  -1.56000,
,,,00.000076200000,  -1.64000,
,,,00.000076400000,  -1.64000,
,,,00.000076600000,  -1.64000,
,,,00.000076800000,  -1.62000,
,,,00.000077000000,  -1.54000,
,,,00.000077200000,  -1.48000,
,,,00.000077400000,  -1.38000,
,,,00.000077600000,  -1.22000,
,,,00.000077800000,  -1.16000,
,,,00.000078000000,  -0.92000,
,,,00.000078200000,  -0.72000,
,,,00.000078400000,  -0.56000,
,,,00.000078600000,  -0.34000,
,,,00.000078800000,  -0.14000,
,,,00.000079000000,   0.08000,
,,,00.000079200000,   0.28000,
,,,00.000079400000,   0.48000,
,,,00.000079600000,   0.68000,
,,,00.000079800000,   0.88000,
,,,00.000080000000,   1.06000,
,,,00.000080200000,   1.20000,
,,,00.000080400000,   1.36000,
,,,00.000080600000,   1.44000,
,,,00.000080800000,   1.56000,
,,,00.000081000000,   1.62000,
,,,00.000081200000,   1.68000,
,,,00.000081400000,   1.70000,
,,,00.000081600000,   1.68000,
,,,00.000081800000,   1.66000,
,,,00.000082000000,   1.60000,
,,,00.000082200000,   1.66000,
,,,00.000082400000,   1.52000,
,,,00.000082600000,   1.38000,
,,,00.000082800000,   1.30000,
,,,00.000083000000,   1.12000,
,,,00.000083200000,   0.98000,
,,,00.000083400000,   0.78000,
,,,00.000083600000,   0.56000,
,,,00.000083800000,   0.36000,
,,,00.000084000000,   0.18000,
,,,00.000084200000,  -0.02000,
,,,00.000084400000,  -0.22000,
,,,00.000084600000,  -0.42000,
,,,00.000084800000,  -0.64000,
,,,00.000085000000,  -0.82000,
,,,00.000085200000,  -1.00000,
,,,00.000085400000,  -1.18000,
,,,00.000085600000,  -1.28000,
,,,00.000085800000,  -1.42000,
,,,00.000086000000,  -1.50000,
,,,00.000086200000,  -1.64000,
,,,00.000086400000,  -1.62000,
,,,00.000086600000,  -1.64000,
,,,00.000086800000,  -1.64000,
,,,00.000087000000,  -1.62000,
,,,00.000087200000,  -1.54000,
,,,00.000087400000,  -1.46000,
,,,00.000087600000,  -1.36000,
,,,00.000087800000,  -1.22000,
,,,00.000088000000,  -1.14000,
,,,00.000088200000,  -0.92000,
,,,00.000088400000,  -0.72000,
,,,00.000088600000,  -0.50000,
,,,00.000088800000,  -0.34000,
,,,00.000089000000,  -0.12000,
,,,00.000089200000,   0.10000,
,,,00.000089400000,   0.30000,
,,,00.000089600000,   0.52000,
,,,00.000089800000,   0.74000,
,,,00.000090000000,   0.88000,
,,,00.000090200000,   1.08000,
,,,00.000090400000,   1.22000,
,,,00.000090600000,   1.36000,
,,,00.000090800000,   1.48000,
,,,00.000091000000,   1.56000,
,,,00.000091200000,   1.64000,
,,,00.000091400000,   1.68000,
,,,00.000091600000,   1.70000,
,,,00.000091800000,   1.72000,
,,,00.000092000000,   1.66000,
,,,00.000092200000,   1.58000,
,,,00.000092400000,   1.60000,
,,,00.000092600000,   1.50000,
,,,00.000092800000,   1.40000,
,,,00.000093000000,   1.26000,
,,,00.000093200000,   1.12000,
,,,00.000093400000,   0.94000,
,,,00.000093600000,   0.76000,
,,,00.000093800000,   0.54000,
,,,00.000094000000,   0.36000,
,,,00.000094200000,   0.12000,
,,,00.000094400000,  -0.08000,
,,,00.000094600000,  -0.26000,
,,,00.000094800000,  -0.50000,
,,,00.000095000000,  -0.68000,
,,,00.000095200000,  -0.90000,
,,,00.000095400000,  -1.02000,
,,,00.000095600000,  -1.18000,
,,,00.000095800000,  -1.36000,
,,,00.000096000000,  -1.46000,
,,,00.000096200000,  -1.54000,
,,,00.000096400000,  -1.62000,
,,,00.000096600000,  -1.66000,
,,,00.000096800000,  -1.66000,
,,,00.000097000000,  -1.64000,
,,,00.000097200000,  -1.60000,
,,,00.000097400000,  -1.52000,
,,,00.000097600000,  -1.44000,
,,,00.000097800000,  -1.32000,
,,,00.000098000000,  -1.20000,
,,,00.000098200000,  -0.98000,
,,,00.000098400000,  -0.84000,
,,,00.000098600000,  -0.66000,
,,,00.000098800000,  -0.50000,
,,,00.000099000000,  -0.26000,
,,,00.000099200000,  -0.04000,
,,,00.000099400000,   0.16000,
,,,00.000099600000,   0.32000,
,,,00.000099800000,   0.54000,
,,,00.000100000000,   0.76000,
,,,00.000100200000,   0.94000,
,,,00.000100400000,   1.12000,
,,,00.000100600000,   1.22000,
,,,00.000100800000,   1.40000,
,,,00.000101000000,   1.52000,
,,,00.000101200000,   1.60000,
,,,00.000101400000,   1.64000,
,,,00.000101600000,   1.68000,
,,,00.000101800000,   1.74000,
,,,00.000102000000,   1.68000,
,,,00.000102200000,   1.68000,
,,,00.000102400000,   1.72000,
,,,00.000102600000,   1.60000,
,,,00.000102800000,   1.52000,
,,,00.000103000000,   1.40000,
,,,00.000103200000,   1.24000,
,,,00.000103400000,   1.06000,
,,,00.000103600000,   0.92000,
,,,00.000103800000,   0.72000,
,,,00.000104000000,   0.52000,
,,,00.000104200000,   0.34000,
,,,00.000104400000,   0.12000,
,,,00.000104600000,  -0.12000,
,,,00.000104800000,  -0.32000,
,,,00.000105000000,  -0.52000,
,,,00.000105200000,  -0.72000,
,,,00.000105400000,  -0.90000,
,,,00.000105600000,  -1.06000,
,,,00.000105800000,  -1.22000,
,,,00.000106000000,  -1.36000,
,,,00.000106200000,  -1.48000,
,,,00.000106400000,  -1.54000,
,,,00.000106600000,  -1.62000,
,,,00.000106800000,  -1.62000,
,,,00.000107000000,  -1.66000,
,,,00.000107200000,  -1.64000,
,,,00.000107400000,  -1.60000,
,,,00.000107600000,  -1.52000,
,,,00.000107800000,  -1.44000,
,,,00.000108000000,  -1.34000,
,,,00.000108200000,  -1.20000,
,,,00.000108400000,  -1.02000,
,,,00.000108600000,  -0.84000,
,,,00.000108800000,  -0.66000,
,,,00.000109000000,  -0.44000,
,,,00.000109200000,  -0.26000,
,,,00.000109400000,  -0.04000,
,,,00.000109600000,   0.18000,
,,,00.000109800000,   0.38000,
,,,00.000110000000,   0.62000,
,,,00.000110200000,   0.80000,
,,,00.000110400000,   0.98000,
,,,00.000110600000,   1.12000,
,,,00.000110800000,   1.28000,
,,,00.000111000000,   1.44000,
,,,00.000111200000,   1.52000,
,,,00.000111400000,   1.60000,
,,,00.000111600000,   1.64000,
,,,00.000111800000,   1.72000,
,,,00.000112000000,   1.70000,
,,,00.000112200000,   1.70000,
,,,00.000112400000,   1.66000,
,,,00.000112600000,   1.72000,
,,,00.000112800000,   1.56000,
,,,00.000113000000,   1.48000,
,,,00.000113200000,   1.34000,
,,,00.000113400000,   1.20000,
,,,00.000113600000,   1.04000,
,,,00.000113800000,   0.86000,
,,,00.000114000000,   0.70000,
,,,00.000114200000,   0.50000,
,,,00.000114400000,   0.28000,
,,,00.000114600000,   0.08000,
,,,00.000114800000,  -0.16000,
,,,00.000115000000,  -0.38000,
,,,00.000115200000,  -0.56000,
,,,00.000115400000,  -0.74000,
,,,00.000115600000,  -0.96000,
,,,00.000115800000,  -1.10000,
,,,00.000116000000,  -1.28000,
,,,00.000116200000,  -1.40000,
,,,00.000116400000,  -1.50000,
,,,00.000116600000,  -1.60000,
,,,00.000116800000,  -1.60000,
,,,00.000117000000,  -1.66000,
,,,00.000117200000,  -1.66000,
,,,00.000117400000,  -1.64000,
,,,00.000117600000,  -1.58000,
,,,00.000117800000,  -1.52000,
,,,00.000118000000,  -1.42000,
,,,00.000118200000,  -1.32000,
,,,00.000118400000,  -1.06000,
,,,00.000118600000,  -1.00000,
,,,00.000118800000,  -0.84000,
,,,00.000119000000,  -0.64000,
,,,00.000119200000,  -0.46000,
,,,00.000119400000,  -0.20000,
,,,00.000119600000,   0.00000,
,,,00.000119800000,   0.22000,
,,,00.000120000000,   0.44000,
,,,00.000120200000,   0.62000,
,,,00.000120400000,   0.84000,
,,,00.000120600000,   1.02000,
,,,00.000120800000,   1.16000,
,,,00.000121000000,   1.30000,
,,,00.000121200000,   1.44000,
,,,00.000121400000,   1.54000,
,,,00.000121600000,   1.62000,
,,,00.000121800000,   1.68000,
,,,00.000122000000,   1.68000,
,,,00.000122200000,   1.70000,
,,,00.000122400000,   1.70000,
,,,00.000122600000,   1.66000,
,,,00.000122800000,   1.58000,
,,,00.000123000000,   1.56000,
,,,00.000123200000,   1.46000,
,,,00.000123400000,   1.32000,
,,,00.000123600000,   1.16000,
,,,00.000123800000,   1.00000,
,,,00.000124000000,   0.84000,
,,,00.000124200000,   0.66000,
,,,00.000124400000,   0.44000,
,,,00.000124600000,   0.22000,
,,,00.000124800000,   0.00000,
,,,00.000125000000,  -0.18000,
,,,00.000125200000,  -0.42000,
,,,00.000125400000,  -0.60000,
,,,00.000125600000,  -0.82000,
,,,00.000125800000,  -0.96000,
,,,00.000126000000,  -1.12000,
,,,00.000126200000,  -1.26000,
,,,00.000126400000,  -1.42000,
,,,00.000126600000,  -1.50000,
,,,00.000126800000,  -1.58000,
,,,00.000127000000,  -1.66000,
,,,00.000127200000,  -1.68000,
,,,00.000127400000,  -1.66000,
,,,00.000127600000,  -1.62000,
,,,00.000127800000,  -1.58000,
,,,00.000128000000,  -1.50000,
,,,00.000128200000,  -1.40000,
,,,00.000128400000,  -1.28000,
,,,00.000128600000,  -1.12000,
,,,00.000128800000,  -0.94000,
,,,00.000129000000,  -0.78000,
,,,00.000129200000,  -0.58000,
,,,00.000129400000,  -0.38000,
,,,00.000129600000,  -0.18000,
,,,00.000129800000,   0.02000,
,,,00.000130000000,   0.26000,
,,,00.000130200000,   0.46000,
,,,00.000130400000,   0.66000,
,,,00.000130600000,   0.86000,
,,,00.000130800000,   1.02000,
,,,00.000131000000,   1.22000,
,,,00.000131200000,   1.36000,
,,,00.000131400000,   1.44000,
,,,00.000131600000,   1.52000,
,,,00.000131800000,   1.64000,
,,,00.000132000000,   1.70000,
,,,00.000132200000,   1.70000,
,,,00.000132400000,   1.70000,
,,,00.000132600000,   1.66000,
,,,00.000132800000,   1.72000,
,,,00.000133000000,   1.58000,
,,,00.000133200000,   1.52000,
,,,00.000133400000,   1.44000,
,,,00.000133600000,   1.32000,
,,,00.000133800000,   1.14000,
,,,00.000134000000,   0.96000,
,,,00.000134200000,   0.80000,
,,,00.000134400000,   0.60000,
,,,00.000134600000,   0.40000,
,,,00.000134800000,   0.18000,
,,,00.000135000000,  -0.02000,
,,,00.000135200000,  -0.24000,
,,,00.000135400000,  -0.44000,
,,,00.000135600000,  -0.60000,
,,,00.000135800000,  -0.82000,
,,,00.000136000000,  -1.00000,
,,,00.000136200000,  -1.14000,
,,,00.000136400000,  -1.28000,
,,,00.000136600000,  -1.42000,
,,,00.000136800000,  -1.50000,
,,,00.000137000000,  -1.56000,
,,,00.000137200000,  -1.64000,
,,,00.000137400000,  -1.64000,
,,,00.000137600000,  -1.62000,
,,,00.000137800000,  -1.62000,
,,,00.000138000000,  -1.56000,
,,,00.000138200000,  -1.46000,
,,,00.000138400000,  -1.36000,
,,,00.000138600000,  -1.26000,
,,,00.000138800000,  -1.10000,
,,,00.000139000000,  -0.92000,
,,,00.000139200000,  -0.76000,
,,,00.000139400000,  -0.54000,
,,,00.000139600000,  -0.34000,
,,,00.000139800000,  -0.14000,
,,,00.000140000000,   0.08000,
,,,00.000140200000,   0.28000,
,,,00.000140400000,   0.48000,
,,,00.000140600000,   0.68000,
,,,00.000140800000,   0.86000,
,,,00.000141000000,   1.04000,
,,,00.000141200000,   1.22000,
,,,00.000141400000,   1.36000,
,,,00.000141600000,   1.46000,
,,,00.000141800000,   1.56000,
,,,00.000142000000,   1.64000,
,,,00.000142200000,   1.70000,
,,,00.000142400000,   1.72000,
,,,00.000142600000,   1.72000,
,,,00.000142800000,   1.64000,
,,,00.000143000000,   1.70000,
,,,00.000143200000,   1.58000,
,,,00.000143400000,   1.48000,
,,,00.000143600000,   1.40000,
,,,00.000143800000,   1.24000,
,,,00.000144000000,   1.12000,
,,,00.000144200000,   0.96000,
,,,00.000144400000,   0.78000,
,,,00.000144600000,   0.54000,
,,,00.000144800000,   0.34000,
,,,00.000145000000,   0.16000,
,,,00.000145200000,  -0.08000,
,,,00.000145400000,  -0.28000,
,,,00.000145600000,  -0.48000,
,,,00.000145800000,  -0.66000,
,,,00.000146000000,  -0.86000,
,,,00.000146200000,  -1.00000,
,,,00.000146400000,  -1.20000,
,,,00.000146600000,  -1.30000,
,,,00.000146800000,  -1.44000,
,,,00.000147000000,  -1.54000,
,,,00.000147200000,  -1.58000,
,,,00.000147400000,  -1.60000,
,,,00.000147600000,  -1.62000,
,,,00.000147800000,  -1.64000,
,,,00.000148000000,  -1.58000,
,,,00.000148200000,  -1.52000,
,,,00.000148400000,  -1.42000,
,,,00.000148600000,  -1.32000,
,,,00.000148800000,  -1.12000,
,,,00.000149000000,  -1.04000,
,,,00.000149200000,  -0.88000,
,,,00.000149400000,  -0.72000,
,,,00.000149600000,  -0.50000,
,,,00.000149800000,  -0.30000,
,,,00.000150000000,  -0.08000,
,,,00.000150200000,   0.14000,
,,,00.000150400000,   0.36000,
,,,00.000150600000,   0.52000,
,,,00.000150800000,   0.70000,
,,,00.000151000000,   0.90000,
,,,00.000151200000,   1.12000,
,,,00.000151400000,   1.28000,
,,,00.000151600000,   1.34000,
,,,00.000151800000,   1.48000,
,,,00.000152000000,   1.60000,
,,,00.000152200000,   1.68000,
,,,00.000152400000,   1.66000,
,,,00.000152600000,   1.68000,
,,,00.000152800000,   1.70000,
,,,00.000153000000,   1.76000,
,,,00.000153200000,   1.66000,
,,,00.000153400000,   1.54000,
,,,00.000153600000,   1.48000,
,,,00.000153800000,   1.32000,
,,,00.000154000000,   1.18000,
,,,00.000154200000,   1.06000,
,,,00.000154400000,   0.90000,
,,,00.000154600000,   0.72000,
,,,00.000154800000,   0.52000,
,,,00.000155000000,   0.30000,
,,,00.000155200000,   0.08000,
,,,00.000155400000,  -0.08000,
,,,00.000155600000,  -0.32000,
,,,00.000155800000,  -0.52000,
,,,00.000156000000,  -0.72000,
,,,00.000156200000,  -0.88000,
,,,00.000156400000,  -1.06000,
,,,00.000156600000,  -1.20000,
,,,00.000156800000,  -1.34000,
,,,00.000157000000,  -1.44000,
,,,00.000157200000,  -1.52000,
,,,00.000157400000,  -1.58000,
,,,00.000157600000,  -1.64000,
,,,00.000157800000,  -1.66000,
,,,00.000158000000,  -1.62000,
,,,00.000158200000,  -1.58000,
,,,00.000158400000,  -1.52000,
,,,00.000158600000,  -1.40000,
,,,00.000158800000,  -1.30000,
,,,00.000159000000,  -1.16000,
,,,00.000159200000,  -1.02000,
,,,00.000159400000,  -0.84000,
,,,00.000159600000,  -0.64000,
,,,00.000159800000,  -0.46000,
,,,00.000160000000,  -0.26000,
,,,00.000160200000,  -0.04000,
,,,00.000160400000,   0.16000,
,,,00.000160600000,   0.36000,
,,,00.000160800000,   0.58000,
,,,00.000161000000,   0.76000,
,,,00.000161200000,   0.94000,
,,,00.000161400000,   1.12000,
,,,00.000161600000,   1.30000,
,,,00.000161800000,   1.40000,
,,,00.000162000000,   1.48000,
,,,00.000162200000,   1.60000,
,,,00.000162400000,   1.62000,
,,,00.000162600000,   1.68000,
,,,00.000162800000,   1.70000,
,,,00.000163000000,   1.68000,
,,,00.000163200000,   1.46000,
,,,00.000163400000,   1.52000,
,,,00.000163600000,   1.50000,
,,,00.000163800000,   1.42000,
,,,00.000164000000,   1.28000,
,,,00.000164200000,   1.14000,
,,,00.000164400000,   1.00000,
,,,00.000164600000,   0.82000,
,,,00.000164800000,   0.64000,
,,,00.000165000000,   0.46000,
,,,00.000165200000,   0.26000,
,,,00.000165400000,   0.06000,
,,,00.000165600000,  -0.16000,
,,,00.000165800000,  -0.34000,
,,,00.000166000000,  -0.56000,
,,,00.000166200000,  -0.74000,
,,,00.000166400000,  -0.90000,
,,,00.000166600000,  -1.06000,
,,,00.000166800000,  -1.22000,
,,,00.000167000000,  -1.34000,
,,,00.000167200000,  -1.42000,
,,,00.000167400000,  -1.52000,
,,,00.000167600000,  -1.54000,
,,,00.000167800000,  -1.60000,
,,,00.000168000000,  -1.58000,
,,,00.000168200000,  -1.58000,
,,,00.000168400000,  -1.50000,
,,,00.000168600000,  -1.44000,
,,,00.000168800000,  -1.36000,
,,,00.000169000000,  -1.16000,
,,,00.000169200000,  -1.12000,
,,,00.000169400000,  -0.96000,
,,,00.000169600000,  -0.76000,
,,,00.000169800000,  -0.60000,
,,,00.000170000000,  -0.38000,
,,,00.000170200000,  -0.20000,
,,,00.000170400000,   0.00000,
,,,00.000170600000,   0.22000,
,,,00.000170800000,   0.42000,
,,,00.000171000000,   0.60000,
,,,00.000171200000,   0.82000,
,,,00.000171400000,   0.96000,
,,,00.000171600000,   1.12000,
,,,00.000171800000,   1.28000,
,,,00.000172000000,   1.38000,
,,,00.000172200000,   1.48000,
,,,00.000172400000,   1.58000,
,,,00.000172600000,   1.62000,
,,,00.000172800000,   1.68000,
,,,00.000173000000,   1.64000,
,,,00.000173200000,   1.62000,
,,,00.000173400000,   1.60000,
,,,00.000173600000,   1.54000,
,,,00.000173800000,   1.44000,
,,,00.000174000000,   1.36000,
,,,00.000174200000,   1.28000,
,,,00.000174400000,   1.12000,
,,,00.000174600000,   0.96000,
,,,00.000174800000,   0.80000,
,,,00.000175000000,   0.58000,
,,,00.000175200000,   0.42000,
,,,00.000175400000,   0.22000,
,,,00.000175600000,  -0.02000,
,,,00.000175800000,  -0.20000,
,,,00.000176000000,  -0.38000,
,,,00.000176200000,  -0.58000,
,,,00.000176400000,  -0.78000,
,,,00.000176600000,  -0.96000,
,,,00.000176800000,  -1.10000,
,,,00.000177000000,  -1.22000,
,,,00.000177200000,  -1.34000,
,,,00.000177400000,  -1.44000,
,,,00.000177600000,  -1.50000,
,,,00.000177800000,  -1.56000,
,,,00.000178000000,  -1.56000,
,,,00.000178200000,  -1.58000,
,,,00.000178400000,  -1.56000,
,,,00.000178600000,  -1.48000,
,,,00.000178800000,  -1.42000,
,,,00.000179000000,  -1.30000,
,,,00.000179200000,  -1.24000,
,,,00.000179400000,  -1.06000,
,,,00.000179600000,  -0.92000,
,,,00.000179800000,  -0.72000,
,,,00.000180000000,  -0.58000,
,,,00.000180200000,  -0.36000,
,,,00.000180400000,  -0.14000,
,,,00.000180600000,   0.06000,
,,,00.000180800000,   0.28000,
,,,00.000181000000,   0.46000,
,,,00.000181200000,   0.64000,
,,,00.000181400000,   0.82000,
,,,00.000181600000,   0.98000,
,,,00.000181800000,   1.16000,
,,,00.000182000000,   1.28000,
,,,00.000182200000,   1.42000,
,,,00.000182400000,   1.50000,
,,,00.000182600000,   1.58000,
,,,00.000182800000,   1.62000,
,,,00.000183000000,   1.62000,
,,,00.000183200000,   1.66000,
,,,00.000183400000,   1.46000,
,,,00.000183600000,   1.56000,
,,,00.000183800000,   1.50000,
,,,00.000184000000,   1.40000,
,,,00.000184200000,   1.32000,
,,,00.000184400000,   1.20000,
,,,00.000184600000,   1.06000,
,,,00.000184800000,   0.92000,
,,,00.000185000000,   0.72000,
,,,00.000185200000,   0.56000,
,,,00.000185400000,   0.34000,
,,,00.000185600000,   0.14000,
,,,00.000185800000,  -0.04000,
,,,00.000186000000,  -0.24000,
,,,00.000186200000,  -0.42000,
,,,00.000186400000,  -0.64000,
,,,00.000186600000,  -0.80000,
,,,00.000186800000,  -0.98000,
,,,00.000187000000,  -1.10000,
,,,00.000187200000,  -1.20000,
,,,00.000187400000,  -1.30000,
,,,00.000187600000,  -1.38000,
,,,00.000187800000,  -1.48000,
,,,00.000188000000,  -1.52000,
,,,00.000188200000,  -1.52000,
,,,00.000188400000,  -1.50000,
,,,00.000188600000,  -1.48000,
,,,00.000188800000,  -1.42000,
,,,00.000189000000,  -1.38000,
,,,00.000189200000,  -1.26000,
,,,00.000189400000,  -1.14000,
,,,00.000189600000,  -1.00000,
,,,00.000189800000,  -0.84000,
,,,00.000190000000,  -0.66000,
,,,00.000190200000,  -0.50000,
,,,00.000190400000,  -0.30000,
,,,00.000190600000,  -0.10000,
,,,00.000190800000,   0.08000,
,,,00.000191000000,   0.32000,
,,,00.000191200000,   0.46000,
,,,00.000191400000,   0.70000,
,,,00.000191600000,   0.86000,
,,,00.000191800000,   1.02000,
,,,00.000192000000,   1.16000,
,,,00.000192200000,   1.28000,
,,,00.000192400000,   1.38000,
,,,00.000192600000,   1.48000,
,,,00.000192800000,   1.54000,
,,,00.000193000000,   1.58000,
,,,00.000193200000,   1.62000,
,,,00.000193400000,   1.58000,
,,,00.000193600000,   1.54000,
,,,00.000193800000,   1.52000,
,,,00.000194000000,   1.48000,
,,,00.000194200000,   1.38000,
,,,00.000194400000,   1.26000,
,,,00.000194600000,   1.12000,
,,,00.000194800000,   0.98000,
,,,00.000195000000,   0.84000,
,,,00.000195200000,   0.66000,
,,,00.000195400000,   0.50000,
,,,00.000195600000,   0.28000,
,,,00.000195800000,   0.12000,
,,,00.000196000000,  -0.08000,
,,,00.000196200000,  -0.28000,
,,,00.000196400000,  -0.46000,
,,,00.000196600000,  -0.62000,
,,,00.000196800000,  -0.80000,
,,,00.000197000000,  -0.94000,
,,,00.000197200000,  -1.10000,
,,,00.000197400000,  -1.22000,
,,,00.000197600000,  -1.32000,
,,,00.000197800000,  -1.40000,
,,,00.000198000000,  -1.48000,
,,,00.000198200000,  -1.46000,
,,,00.000198400000,  -1.50000,
,,,00.000198600000,  -1.46000,
,,,00.000198800000,  -1.46000,
,,,00.000199000000,  -1.38000,
,,,00.000199200000,  -1.32000,
,,,00.000199400000,  -1.22000,
,,,00.000199600000,  -1.08000,
,,,00.000199800000,  -0.96000,
,,,00.000200000000,  -0.76000,
,,,00.000200200000,  -0.62000,
,,,00.000200400000,  -0.44000,
,,,00.000200600000,  -0.26000,
,,,00.000200800000,  -0.04000,
,,,00.000201000000,   0.12000,
,,,00.000201200000,   0.34000,
,,,00.000201400000,   0.52000,
,,,00.000201600000,   0.66000,
,,,00.000201800000,   0.84000,
,,,00.000202000000,   0.98000,
,,,00.000202200000,   1.14000,
,,,00.000202400000,   1.30000,
,,,00.000202600000,   1.38000,
,,,00.000202800000,   1.46000,
,,,00.000203000000,   1.52000,
,,,00.000203200000,   1.56000,
,,,00.000203400000,   1.56000,
,,,00.000203600000,   1.46000,
,,,00.000203800000,   1.48000,
,,,00.000204000000,   1.46000,
,,,00.000204200000,   1.42000,
,,,00.000204400000,   1.32000,
,,,00.000204600000,   1.20000,
,,,00.000204800000,   1.10000,
,,,00.000205000000,   0.96000,
,,,00.000205200000,   0.78000,
,,,00.000205400000,   0.60000,
,,,00.000205600000,   0.48000,
,,,00.000205800000,   0.26000,
,,,00.000206000000,   0.06000,
,,,00.000206200000,  -0.12000,
,,,00.000206400000,  -0.28000,
,,,00.000206600000,  -0.48000,
,,,00.000206800000,  -0.64000,
,,,00.000207000000,  -0.78000,
,,,00.000207200000,  -0.96000,
,,,00.000207400000,  -1.08000,
,,,00.000207600000,  -1.20000,
,,,00.000207800000,  -1.28000,
,,,00.000208000000,  -1.36000,
,,,00.000208200000,  -1.42000,
,,,00.000208400000,  -1.46000,
,,,00.000208600000,  -1.46000,
,,,00.000208800000,  -1.44000,
,,,00.000209000000,  -1.42000,
,,,00.000209200000,  -1.34000,
,,,00.000209400000,  -1.26000,
,,,00.000209600000,  -1.14000,
,,,00.000209800000,  -1.04000,
,,,00.000210000000,  -0.92000,
,,,00.000210200000,  -0.74000,
,,,00.000210400000,  -0.58000,
,,,00.000210600000,  -0.42000,
,,,00.000210800000,  -0.20000,
,,,00.000211000000,  -0.06000,
,,,00.000211200000,   0.16000,
,,,00.000211400000,   0.38000,
,,,00.000211600000,   0.50000,
,,,00.000211800000,   0.70000,
,,,00.000212000000,   0.88000,
,,,00.000212200000,   1.00000,
,,,00.000212400000,   1.16000,
,,,00.000212600000,   1.28000,
,,,00.000212800000,   1.36000,
,,,00.000213000000,   1.44000,
,,,00.000213200000,   1.50000,
,,,00.000213400000,   1.50000,
,,,00.000213600000,   1.52000,
,,,00.000213800000,   1.48000,
,,,00.000214000000,   1.46000,
,,,00.000214200000,   1.42000,
,,,00.000214400000,   1.36000,
,,,00.000214600000,   1.28000,
,,,00.000214800000,   1.16000,
,,,00.000215000000,   1.08000,
,,,00.000215200000,   0.90000,
,,,00.000215400000,   0.74000,
,,,00.000215600000,   0.58000,
,,,00.000215800000,   0.40000,
,,,00.000216000000,   0.22000,
,,,00.000216200000,   0.06000,
,,,00.000216400000,  -0.12000,
,,,00.000216600000,  -0.30000,
,,,00.000216800000,  -0.48000,
,,,00.000217000000,  -0.64000,
,,,00.000217200000,  -0.82000,
,,,00.000217400000,  -0.94000,
,,,00.000217600000,  -1.06000,
,,,00.000217800000,  -1.18000,
,,,00.000218000000,  -1.26000,
,,,00.000218200000,  -1.34000,
,,,00.000218400000,  -1.40000,
,,,00.000218600000,  -1.40000,
,,,00.000218800000,  -1.42000,
,,,00.000219000000,  -1.38000,
,,,00.000219200000,  -1.36000,
,,,00.000219400000,  -1.26000,
,,,00.000219600000,  -1.22000,
,,,00.000219800000,  -1.08000,
,,,00.000220000000,  -0.98000,
,,,00.000220200000,  -0.84000,
,,,00.000220400000,  -0.66000,
,,,00.000220600000,  -0.52000,
,,,00.000220800000,  -0.38000,
,,,00.000221000000,  -0.16000,
,,,00.000221200000,   0.00000,
,,,00.000221400000,   0.18000,
,,,00.000221600000,   0.36000,
,,,00.000221800000,   0.56000,
,,,00.000222000000,   0.70000,
,,,00.000222200000,   0.84000,
,,,00.000222400000,   1.04000,
,,,00.000222600000,   1.12000,
,,,00.000222800000,   1.24000,
,,,00.000223000000,   1.32000,
,,,00.000223200000,   1.40000,
,,,00.000223400000,   1.44000,
,,,00.000223600000,   1.48000,
,,,00.000223800000,   1.48000,
,,,00.000224000000,   1.40000,
,,,00.000224200000,   1.42000,
,,,00.000224400000,   1.38000,
,,,00.000224600000,   1.32000,
,,,00.000224800000,   1.22000,
,,,00.000225000000,   1.12000,
,,,00.000225200000,   1.00000,
,,,00.000225400000,   0.84000,
,,,00.000225600000,   0.74000,
,,,00.000225800000,   0.58000,
,,,00.000226000000,   0.40000,
,,,00.000226200000,   0.20000,
,,,00.000226400000,   0.04000,
,,,00.000226600000,  -0.16000,
,,,00.000226800000,  -0.32000,
,,,00.000227000000,  -0.48000,
,,,00.000227200000,  -0.64000,
,,,00.000227400000,  -0.78000,
,,,00.000227600000,  -0.94000,
,,,00.000227800000,  -1.08000,
,,,00.000228000000,  -1.16000,
,,,00.000228200000,  -1.24000,
,,,00.000228400000,  -1.30000,
,,,00.000228600000,  -1.34000,
,,,00.000228800000,  -1.40000,
,,,00.000229000000,  -1.36000,
,,,00.000229200000,  -1.34000,
,,,00.000229400000,  -1.28000,
,,,00.000229600000,  -1.24000,
,,,00.000229800000,  -1.12000,
,,,00.000230000000,  -1.08000,
,,,00.000230200000,  -0.92000,
,,,00.000230400000,  -0.80000,
,,,00.000230600000,  -0.68000,
,,,00.000230800000,  -0.50000,
,,,00.000231000000,  -0.32000,
,,,00.000231200000,  -0.16000,
,,,00.000231400000,   0.02000,
,,,00.000231600000,   0.20000,
,,,00.000231800000,   0.36000,
,,,00.000232000000,   0.54000,
,,,00.000232200000,   0.70000,
,,,00.000232400000,   0.88000,
,,,00.000232600000,   1.00000,
,,,00.000232800000,   1.12000,
,,,00.000233000000,   1.20000,
,,,00.000233200000,   1.30000,
,,,00.000233400000,   1.36000,
,,,00.000233600000,   1.40000,
,,,00.000233800000,   1.44000,
,,,00.000234000000,   1.50000,
,,,00.000234200000,   1.40000,
,,,00.000234400000,   1.34000,
,,,00.000234600000,   1.32000,
,,,00.000234800000,   1.26000,
,,,00.000235000000,   1.18000,
,,,00.000235200000,   1.06000,
,,,00.000235400000,   0.98000,
,,,00.000235600000,   0.80000,
,,,00.000235800000,   0.70000,
,,,00.000236000000,   0.50000,
,,,00.000236200000,   0.34000,
,,,00.000236400000,   0.18000,
,,,00.000236600000,   0.02000,
,,,00.000236800000,  -0.16000,
,,,00.000237000000,  -0.32000,
,,,00.000237200000,  -0.46000,
,,,00.000237400000,  -0.64000,
,,,00.000237600000,  -0.80000,
,,,00.000237800000,  -0.90000,
,,,00.000238000000,  -1.04000,
,,,00.000238200000,  -1.12000,
,,,00.000238400000,  -1.22000,
,,,00.000238600000,  -1.26000,
,,,00.000238800000,  -1.28000,
,,,00.000239000000,  -1.36000,
,,,00.000239200000,  -1.32000,
,,,00.000239400000,  -1.32000,
,,,00.000239600000,  -1.26000,
,,,00.000239800000,  -1.20000,
,,,00.000240000000,  -1.10000,
,,,00.000240200000,  -1.00000,
,,,00.000240400000,  -0.88000,
,,,00.000240600000,  -0.78000,
,,,00.000240800000,  -0.62000,
,,,00.000241000000,  -0.46000,
,,,00.000241200000,  -0.30000,
,,,00.000241400000,  -0.12000,
,,,00.000241600000,   0.02000,
,,,00.000241800000,   0.20000,
,,,00.000242000000,   0.38000,
,,,00.000242200000,   0.54000,
,,,00.000242400000,   0.70000,
,,,00.000242600000,   0.86000,
,,,00.000242800000,   0.98000,
,,,00.000243000000,   1.10000,
,,,00.000243200000,   1.16000,
,,,00.000243400000,   1.28000,
,,,00.000243600000,   1.34000,
,,,00.000243800000,   1.38000,
,,,00.000244000000,   1.40000,
,,,00.000244200000,   1.34000,
,,,00.000244400000,   1.36000,
,,,00.000244600000,   1.34000,
,,,00.000244800000,   1.28000,
,,,00.000245000000,   1.20000,
,,,00.000245200000,   1.14000,
,,,00.000245400000,   1.06000,
,,,00.000245600000,   0.94000,
,,,00.000245800000,   0.80000,
,,,00.000246000000,   0.66000,
,,,00.000246200000,   0.52000,
,,,00.000246400000,   0.36000,
,,,00.000246600000,   0.18000,
,,,00.000246800000,   0.02000,
,,,00.000247000000,  -0.16000,
,,,00.000247200000,  -0.30000,
,,,00.000247400000,  -0.46000,
,,,00.000247600000,  -0.60000,
,,,00.000247800000,  -0.76000,
,,,00.000248000000,  -0.90000,
,,,00.000248200000,  -1.00000,
,,,00.000248400000,  -1.08000,
,,,00.000248600000,  -1.18000,
,,,00.000248800000,  -1.24000,
,,,00.000249000000,  -1.26000,
,,,00.000249200000,  -1.30000,
,,,00.000249400000,  -1.26000,
,,,00.000249600000,  -1.26000,
,,,00.000249800000,  -1.22000,
,,,00.000250000000,  -1.12000,
,,,00.000250200000,  -1.10000,
,,,00.000250400000,  -0.98000,
,,,00.000250600000,  -0.86000,
,,,00.000250800000,  -0.76000,
,,,00.000251000000,  -0.60000,
,,,00.000251200000,  -0.46000,
,,,00.000251400000,  -0.28000,
,,,00.000251600000,  -0.14000,
,,,00.000251800000,   0.04000,
,,,00.000252000000,   0.22000,
,,,00.000252200000,   0.36000,
,,,00.000252400000,   0.54000,
,,,00.000252600000,   0.66000,
,,,00.000252800000,   0.80000,
,,,00.000253000000,   0.94000,
,,,00.000253200000,   1.06000,
,,,00.000253400000,   1.16000,
,,,00.000253600000,   1.24000,
,,,00.000253800000,   1.28000,
,,,00.000254000000,   1.34000,
,,,00.000254200000,   1.36000,
,,,00.000254400000,   0.10000,
,,,00.000254600000,  -0.02000,
,,,00.000254800000,   0.08000,
,,,00.000255000000,   0.06000,
,,,00.000255200000,  -0.02000,
,,,00.000255400000,   0.06000,
,,,00.000255600000,   0.00000,
,,,00.000255800000,   0.02000,
,,,00.000256000000,   0.02000,
,,,00.000256200000,   0.00000,
,,,00.000256400000,  -0.02000,
,,,00.000256600000,  -0.04000,
,,,00.000256800000,  -0.04000,
,,,00.000257000000,  -0.04000,
,,,00.000257200000,  -0.04000,
,,,00.000257400000,  -0.04000,
,,,00.000257600000,   0.02000,
,,,00.000257800000,  -0.02000,
,,,00.000258000000,   0.00000,
,,,00.000258200000,   0.00000,
,,,00.000258400000,   0.00000,
,,,00.000258600000,   0.00000,
,,,00.000258800000,   0.04000,
,,,00.000259000000,   0.04000,
,,,00.000259200000,   0.02000,
,,,00.000259400000,   0.08000,
,,,00.000259600000,   0.02000,
,,,00.000259800000,   0.02000,
,,,00.000260000000,   0.06000,
,,,00.000260200000,  -0.02000,
,,,00.000260400000,   0.00000,
,,,00.000260600000,   0.02000,
,,,00.000260800000,  -0.02000,
,,,00.000261000000,   0.02000,
,,,00.000261200000,   0.00000,
,,,00.000261400000,  -0.02000,
,,,00.000261600000,  -0.04000,
,,,00.000261800000,  -0.06000,
,,,00.000262000000,  -0.04000,
,,,00.000262200000,  -0.02000,
,,,00.000262400000,  -0.02000,
,,,00.000262600000,   0.00000,
,,,00.000262800000,   0.00000,
,,,00.000263000000,  -0.02000,
,,,00.000263200000,  -0.02000,
,,,00.000263400000,   0.02000,
,,,00.000263600000,  -0.02000,
,,,00.000263800000,   0.04000,
,,,00.000264000000,   0.04000,
,,,00.000264200000,   0.02000,
,,,00.000264400000,  -0.06000,
,,,00.000264600000,   0.00000,
,,,00.000264800000,   0.06000,
,,,00.000265000000,   0.02000,
,,,00.000265200000,   0.06000,
,,,00.000265400000,   0.04000,
,,,00.000265600000,   0.00000,
,,,00.000265800000,   0.02000,
,,,00.000266000000,   0.00000,
,,,00.000266200000,  -0.02000,
,,,00.000266400000,  -0.02000,
,,,00.000266600000,   0.00000,
,,,00.000266800000,  -0.02000,
,,,00.000267000000,  -0.04000,
,,,00.000267200000,  -0.04000,
,,,00.000267400000,   0.00000,
,,,00.000267600000,  -0.02000,
,,,00.000267800000,   0.00000,
,,,00.000268000000,  -0.04000,
,,,00.000268200000,   0.00000,
,,,00.000268400000,   0.02000,
,,,00.000268600000,   0.00000,
,,,00.000268800000,   0.02000,
,,,00.000269000000,   0.04000,
,,,00.000269200000,   0.02000,
,,,00.000269400000,   0.04000,
,,,00.000269600000,   0.04000,
,,,00.000269800000,   0.02000,
,,,00.000270000000,   0.02000,
,,,00.000270200000,   0.00000,
,,,00.000270400000,   0.02000,
,,,00.000270600000,   0.02000,
,,,00.000270800000,   0.04000,
,,,00.000271000000,   0.00000,
,,,00.000271200000,   0.00000,
,,,00.000271400000,  -0.02000,
,,,00.000271600000,  -0.02000,
,,,00.000271800000,  -0.04000,
,,,00.000272000000,  -0.02000,
,,,00.000272200000,   0.00000,
,,,00.000272400000,  -0.02000,
,,,00.000272600000,  -0.02000,
,,,00.000272800000,  -0.04000,
,,,00.000273000000,   0.00000,
,,,00.000273200000,  -0.02000,
,,,00.000273400000,   0.00000,
,,,00.000273600000,   0.02000,
,,,00.000273800000,   0.02000,
,,,00.000274000000,   0.04000,
,,,00.000274200000,   0.04000,
,,,00.000274400000,   0.06000,
,,,00.000274600000,   0.00000,
,,,00.000274800000,   0.04000,
,,,00.000275000000,   0.02000,
,,,00.000275200000,   0.04000,
,,,00.000275400000,   0.02000,
,,,00.000275600000,   0.02000,
,,,00.000275800000,   0.00000,
,,,00.000276000000,   0.00000,
,,,00.000276200000,   0.02000,
,,,00.000276400000,   0.00000,
,,,00.000276600000,  -0.02000,
,,,00.000276800000,   0.00000,
,,,00.000277000000,  -0.02000,
,,,00.000277200000,   0.00000,
,,,00.000277400000,  -0.02000,
,,,00.000277600000,  -0.04000,
,,,00.000277800000,   0.00000,
,,,00.000278000000,  -0.02000,
,,,00.000278200000,   0.00000,
,,,00.000278400000,   0.00000,
,,,00.000278600000,   0.02000,
,,,00.000278800000,   0.02000,
,,,00.000279000000,  -0.04000,
,,,00.000279200000,   0.02000,
,,,00.000279400000,   0.02000,
,,,00.000279600000,   0.02000,
,,,00.000279800000,   0.04000,
,,,00.000280000000,   0.02000,
,,,00.000280200000,   0.04000,
,,,00.000280400000,  -0.04000,
,,,00.000280600000,   0.00000,
,,,00.000280800000,   0.02000,
,,,00.000281000000,   0.00000,
,,,00.000281200000,  -0.02000,
,,,00.000281400000,   0.00000,
,,,00.000281600000,   0.00000,
,,,00.000281800000,   0.00000,
,,,00.000282000000,   0.00000,
,,,00.000282200000,  -0.02000,
,,,00.000282400000,  -0.04000,
,,,00.000282600000,  -0.02000,
,,,00.000282800000,  -0.02000,
,,,00.000283000000,  -0.02000,
,,,00.000283200000,   0.00000,
,,,00.000283400000,  -0.02000,
,,,00.000283600000,   0.02000,
,,,00.000283800000,   0.02000,
,,,00.000284000000,   0.02000,
,,,00.000284200000,   0.00000,
,,,00.000284400000,   0.00000,
,,,00.000284600000,   0.00000,
,,,00.000284800000,   0.04000,
,,,00.000285000000,   0.04000,
,,,00.000285200000,   0.04000,
,,,00.000285400000,   0.02000,
,,,00.000285600000,   0.00000,
,,,00.000285800000,   0.00000,
,,,00.000286000000,   0.00000,
,,,00.000286200000,  -0.02000,
,,,00.000286400000,   0.00000,
,,,00.000286600000,  -0.04000,
,,,00.000286800000,   0.00000,
,,,00.000287000000,   0.00000,
,,,00.000287200000,  -0.02000,
,,,00.000287400000,  -0.02000,
,,,00.000287600000,   0.00000,
,,,00.000287800000,  -0.02000,
,,,00.000288000000,   0.02000,
,,,00.000288200000,   0.00000,
,,,00.000288400000,   0.00000,
,,,00.000288600000,   0.04000,
,,,00.000288800000,   0.00000,
,,,00.000289000000,   0.02000,
,,,00.000289200000,  -0.02000,
,,,00.000289400000,   0.02000,
,,,00.000289600000,   0.04000,
,,,00.000289800000,   0.00000,
,,,00.000290000000,   0.02000,
,,,00.000290200000,   0.04000,
,,,00.000290400000,   0.02000,
,,,00.000290600000,   0.04000,
,,,00.000290800000,   0.00000,
,,,00.000291000000,   0.00000,
,,,00.000291200000,   0.00000,
,,,00.000291400000,   0.00000,
,,,00.000291600000,  -0.02000,
,,,00.000291800000,   0.00000,
,,,00.000292000000,   0.02000,
,,,00.000292200000,  -0.02000,
,,,00.000292400000,  -0.02000,
,,,00.000292600000,  -0.02000,
,,,00.000292800000,  -0.02000,
,,,00.000293000000,  -0.02000,
,,,00.000293200000,  -0.02000,
,,,00.000293400000,   0.04000,
,,,00.000293600000,   0.02000,
,,,00.000293800000,   0.02000,
,,,00.000294000000,   0.04000,
,,,00.000294200000,   0.00000,
,,,00.000294400000,   0.02000,
,,,00.000294600000,   0.02000,
,,,00.000294800000,   0.04000,
,,,00.000295000000,   0.02000,
,,,00.000295200000,   0.04000,
,,,00.000295400000,   0.02000,
,,,00.000295600000,   0.02000,
,,,00.000295800000,   0.02000,
,,,00.000296000000,   0.02000,
,,,00.000296200000,  -0.02000,
,,,00.000296400000,   0.00000,
,,,00.000296600000,   0.02000,
,,,00.000296800000,  -0.02000,
,,,00.000297000000,   0.00000,
,,,00.000297200000,   0.02000,
,,,00.000297400000,   0.00000,
,,,00.000297600000,  -0.02000,
,,,00.000297800000,   0.00000,
,,,00.000298000000,  -0.02000,
,,,00.000298200000,   0.00000,
,,,00.000298400000,   0.02000,
,,,00.000298600000,   0.02000,
,,,00.000298800000,  -0.02000,
,,,00.000299000000,   0.00000,
,,,00.000299200000,   0.00000,
,,,00.000299400000,   0.00000,
,,,00.000299600000,   0.02000,
,,,00.000299800000,   0.02000,
,,,00.000300000000,   0.02000,
,,,00.000300200000,   0.04000,
,,,00.000300400000,   0.02000,
,,,00.000300600000,   0.00000,
,,,00.000300800000,   0.02000,
,,,00.000301000000,   0.00000,
,,,00.000301200000,  -0.04000,
,,,00.000301400000,   0.00000,
,,,00.000301600000,  -0.02000,
,,,00.000301800000,   0.02000,
,,,00.000302000000,  -0.02000,
,,,00.000302200000,   0.00000,
,,,00.000302400000,   0.02000,
,,,00.000302600000,  -0.02000,
,,,00.000302800000,  -0.02000,
,,,00.000303000000,   0.00000,
,,,00.000303200000,   0.00000,
,,,00.000303400000,   0.00000,
,,,00.000303600000,   0.02000,
,,,00.000303800000,   0.02000,
,,,00.000304000000,   0.00000,
,,,00.000304200000,  -0.02000,
,,,00.000304400000,   0.00000,
,,,00.000304600000,   0.02000,
,,,00.000304800000,   0.04000,
,,,00.000305000000,   0.00000,
,,,00.000305200000,   0.02000,
,,,00.000305400000,   0.02000,
,,,00.000305600000,   0.00000,
,,,00.000305800000,   0.00000,
,,,00.000306000000,  -0.02000,
,,,00.000306200000,   0.00000,
,,,00.000306400000,   0.00000,
,,,00.000306600000,   0.00000,
,,,00.000306800000,   0.00000,
,,,00.000307000000,   0.00000,
,,,00.000307200000,  -0.02000,
,,,00.000307400000,  -0.02000,
,,,00.000307600000,  -0.02000,
,,,00.000307800000,  -0.02000,
,,,00.000308000000,   0.00000,
,,,00.000308200000,   0.00000,
,,,00.000308400000,   0.00000,
,,,00.000308600000,   0.00000,
,,,00.000308800000,   0.00000,
,,,00.000309000000,  -0.02000,
,,,00.000309200000,  -0.02000,
,,,00.000309400000,  -0.02000,
,,,00.000309600000,   0.00000,
,,,00.000309800000,   0.00000,
,,,00.000310000000,  -0.02000,
,,,00.000310200000,   0.02000,
,,,00.000310400000,   0.00000,
,,,00.000310600000,   0.00000,
,,,00.000310800000,  -0.08000,
,,,00.000311000000,  -0.02000,
,,,00.000311200000,  -0.02000,
,,,00.000311400000,  -0.02000,
,,,00.000311600000,   0.00000,
,,,00.000311800000,   0.02000,
,,,00.000312000000,   0.02000,
,,,00.000312200000,  -0.02000,
,,,00.000312400000,   0.00000,
,,,00.000312600000,  -0.06000,
,,,00.000312800000,  -0.02000,
,,,00.000313000000,  -0.02000,
,,,00.000313200000,  -0.02000,
,,,00.000313400000,   0.00000,
,,,00.000313600000,   0.00000,
,,,00.000313800000,   0.04000,
,,,00.000314000000,   0.00000,
,,,00.000314200000,   0.00000,
,,,00.000314400000,   0.00000,
,,,00.000314600000,   0.00000,
,,,00.000314800000,   0.00000,
,,,00.000315000000,  -0.02000,
,,,00.000315200000,   0.02000,
,,,00.000315400000,   0.02000,
,,,00.000315600000,   0.02000,
,,,00.000315800000,   0.02000,
,,,00.000316000000,   0.00000,
,,,00.000316200000,   0.00000,
,,,00.000316400000,   0.00000,
,,,00.000316600000,   0.00000,
,,,00.000316800000,   0.00000,
,,,00.000317000000,   0.00000,
,,,00.000317200000,   0.00000,
,,,00.000317400000,  -0.02000,
,,,00.000317600000,   0.00000,
,,,00.000317800000,   0.00000,
,,,00.000318000000,   0.00000,
,,,00.000318200000,  -0.02000,
,,,00.000318400000,  -0.02000,
,,,00.000318600000,   0.02000,
,,,00.000318800000,   0.00000,
,,,00.000319000000,   0.00000,
,,,00.000319200000,   0.00000,
,,,00.000319400000,  -0.02000,
,,,00.000319600000,   0.02000,
,,,00.000319800000,   0.00000,
,,,00.000320000000,   0.00000,
,,,00.000320200000,   0.02000,
,,,00.000320400000,   0.04000,
,,,00.000320600000,   0.00000,
,,,00.000320800000,   0.00000,
,,,00.000321000000,  -0.02000,
,,,00.000321200000,  -0.02000,
,,,00.000321400000,  -0.02000,
,,,00.000321600000,   0.00000,
,,,00.000321800000,   0.02000,
,,,00.000322000000,   0.00000,
,,,00.000322200000,  -0.02000,
,,,00.000322400000,   0.02000,
,,,00.000322600000,  -0.02000,
,,,00.000322800000,  -0.02000,
,,,00.000323000000,   0.02000,
,,,00.000323200000,   0.00000,
,,,00.000323400000,   0.02000,
,,,00.000323600000,   0.00000,
,,,00.000323800000,   0.00000,
,,,00.000324000000,  -0.02000,
,,,00.000324200000,   0.00000,
,,,00.000324400000,   0.00000,
,,,00.000324600000,   0.02000,
,,,00.000324800000,   0.04000,
,,,00.000325000000,   0.00000,
,,,00.000325200000,   0.10000,
,,,00.000325400000,  -1.60000,
,,,00.000325600000,  -1.58000,
,,,00.000325800000,  -1.46000,
,,,00.000326000000,  -1.36000,
,,,00.000326200000,  -1.22000,
,,,00.000326400000,  -1.10000,
,,,00.000326600000,  -0.92000,
,,,00.000326800000,  -0.76000,
,,,00.000327000000,  -0.58000,
,,,00.000327200000,  -0.36000,
,,,00.000327400000,  -0.18000,
,,,00.000327600000,   0.06000,
,,,00.000327800000,   0.26000,
,,,00.000328000000,   0.46000,
,,,00.000328200000,   0.66000,
,,,00.000328400000,   0.86000,
,,,00.000328600000,   1.00000,
,,,00.000328800000,   1.20000,
,,,00.000329000000,   1.34000,
,,,00.000329200000,   1.44000,
,,,00.000329400000,   1.52000,
,,,00.000329600000,   1.58000,
,,,00.000329800000,   1.64000,
,,,00.000330000000,   1.68000,
,,,00.000330200000,   1.70000,
,,,00.000330400000,   1.66000,
,,,00.000330600000,   1.60000,
,,,00.000330800000,   1.52000,
,,,00.000331000000,   1.36000,
,,,00.000331200000,   1.26000,
,,,00.000331400000,   1.20000,
,,,00.000331600000,   1.02000,
,,,00.000331800000,   0.84000,
,,,00.000332000000,   0.64000,
,,,00.000332200000,   0.42000,
,,,00.000332400000,   0.24000,
,,,00.000332600000,   0.02000,
,,,00.000332800000,  -0.18000,
,,,00.000333000000,  -0.38000,
,,,00.000333200000,  -0.56000,
,,,00.000333400000,  -0.78000,
,,,00.000333600000,  -0.96000,
,,,00.000333800000,  -1.12000,
,,,00.000334000000,  -1.24000,
,,,00.000334200000,  -1.38000,
,,,00.000334400000,  -1.48000,
,,,00.000334600000,  -1.54000,
,,,00.000334800000,  -1.58000,
,,,00.000335000000,  -1.62000,
,,,00.000335200000,  -1.60000,
,,,00.000335400000,  -1.60000,
,,,00.000335600000,  -1.56000,
,,,00.000335800000,  -1.52000,
,,,00.000336000000,  -1.46000,
,,,00.000336200000,  -1.32000,
,,,00.000336400000,  -1.24000,
,,,00.000336600000,  -1.10000,
,,,00.000336800000,  -0.92000,
,,,00.000337000000,  -0.76000,
,,,00.000337200000,  -0.58000,
,,,00.000337400000,  -0.38000,
,,,00.000337600000,  -0.18000,
,,,00.000337800000,   0.06000,
,,,00.000338000000,   0.24000,
,,,00.000338200000,   0.44000,
,,,00.000338400000,   0.62000,
,,,00.000338600000,   0.82000,
,,,00.000338800000,   1.02000,
,,,00.000339000000,   1.14000,
,,,00.000339200000,   1.28000,
,,,00.000339400000,   1.40000,
,,,00.000339600000,   1.52000,
,,,00.000339800000,   1.58000,
,,,00.000340000000,   1.62000,
,,,00.000340200000,   1.68000,
,,,00.000340400000,   1.70000,
,,,00.000340600000,   1.64000,
,,,00.000340800000,   1.60000,
,,,00.000341000000,   1.50000,
,,,00.000341200000,   1.48000,
,,,00.000341400000,   1.32000,
,,,00.000341600000,   1.18000,
,,,00.000341800000,   1.02000,
,,,00.000342000000,   0.84000,
,,,00.000342200000,   0.64000,
,,,00.000342400000,   0.44000,
,,,00.000342600000,   0.26000,
,,,00.000342800000,   0.00000,
,,,00.000343000000,  -0.18000,
,,,00.000343200000,  -0.36000,
,,,00.000343400000,  -0.56000,
,,,00.000343600000,  -0.74000,
,,,00.000343800000,  -0.92000,
,,,00.000344000000,  -1.08000,
,,,00.000344200000,  -1.22000,
,,,00.000344400000,  -1.34000,
,,,00.000344600000,  -1.44000,
,,,00.000344800000,  -1.54000,
,,,00.000345000000,  -1.60000,
,,,00.000345200000,  -1.60000,
,,,00.000345400000,  -1.54000,
,,,00.000345600000,  -1.58000,
,,,00.000345800000,  -1.56000,
,,,00.000346000000,  -1.54000,
,,,00.000346200000,  -1.46000,
,,,00.000346400000,  -1.34000,
,,,00.000346600000,  -1.22000,
,,,00.000346800000,  -1.08000,
,,,00.000347000000,  -0.92000,
,,,00.000347200000,  -0.76000,
,,,00.000347400000,  -0.60000,
,,,00.000347600000,  -0.36000,
,,,00.000347800000,  -0.16000,
,,,00.000348000000,   0.08000,
,,,00.000348200000,   0.26000,
,,,00.000348400000,   0.40000,
,,,00.000348600000,   0.62000,
,,,00.000348800000,   0.84000,
,,,00.000349000000,   1.00000,
,,,00.000349200000,   1.14000,
,,,00.000349400000,   1.28000,
,,,00.000349600000,   1.42000,
,,,00.000349800000,   1.50000,
,,,00.000350000000,   1.60000,
,,,00.000350200000,   1.64000,
,,,00.000350400000,   1.64000,
,,,00.000350600000,   1.66000,
,,,00.000350800000,   1.62000,
,,,00.000351000000,   1.56000,
,,,00.000351200000,   1.48000,
,,,00.000351400000,   1.44000,
,,,00.000351600000,   1.28000,
,,,00.000351800000,   1.14000,
,,,00.000352000000,   0.98000,
,,,00.000352200000,   0.82000,
,,,00.000352400000,   0.62000,
,,,00.000352600000,   0.44000,
,,,00.000352800000,   0.22000,
,,,00.000353000000,   0.04000,
,,,00.000353200000,  -0.16000,
,,,00.000353400000,  -0.36000,
,,,00.000353600000,  -0.56000,
,,,00.000353800000,  -0.74000,
,,,00.000354000000,  -0.94000,
,,,00.000354200000,  -1.08000,
,,,00.000354400000,  -1.22000,
,,,00.000354600000,  -1.32000,
,,,00.000354800000,  -1.44000,
,,,00.000355000000,  -1.50000,
,,,00.000355200000,  -1.56000,
,,,00.000355400000,  -1.60000,
,,,00.000355600000,  -1.58000,
,,,00.000355800000,  -1.62000,
,,,00.000356000000,  -1.56000,
,,,00.000356200000,  -1.52000,
,,,00.000356400000,  -1.46000,
,,,00.000356600000,  -1.36000,
,,,00.000356800000,  -1.22000,
,,,00.000357000000,  -1.10000,
,,,00.000357200000,  -0.92000,
,,,00.000357400000,  -0.76000,
,,,00.000357600000,  -0.56000,
,,,00.000357800000,  -0.40000,
,,,00.000358000000,  -0.20000,
,,,00.000358200000,   0.02000,
,,,00.000358400000,   0.22000,
,,,00.000358600000,   0.44000,
,,,00.000358800000,   0.62000,
,,,00.000359000000,   0.82000,
,,,00.000359200000,   0.98000,
,,,00.000359400000,   1.16000,
,,,00.000359600000,   1.26000,
,,,00.000359800000,   1.40000,
,,,00.000360000000,   1.52000,
,,,00.000360200000,   1.60000,
,,,00.000360400000,   1.64000,
,,,00.000360600000,   1.66000,
,,,00.000360800000,   1.66000,
,,,00.000361000000,   1.66000,
,,,00.000361200000,   1.62000,
,,,00.000361400000,   1.44000,
,,,00.000361600000,   1.40000,
,,,00.000361800000,   1.32000,
,,,00.000362000000,   1.14000,
,,,00.000362200000,   0.98000,
,,,00.000362400000,   0.82000,
,,,00.000362600000,   0.62000,
,,,00.000362800000,   0.46000,
,,,00.000363000000,   0.22000,
,,,00.000363200000,   0.04000,
,,,00.000363400000,  -0.14000,
,,,00.000363600000,  -0.34000,
,,,00.000363800000,  -0.56000,
,,,00.000364000000,  -0.74000,
,,,00.000364200000,  -0.92000,
,,,00.000364400000,  -1.06000,
,,,00.000364600000,  -1.20000,
,,,00.000364800000,  -1.36000,
,,,00.000365000000,  -1.48000,
,,,00.000365200000,  -1.54000,
,,,00.000365400000,  -1.58000,
,,,00.000365600000,  -1.62000,
,,,00.000365800000,  -1.52000,
,,,00.000366000000,  -1.62000,
,,,00.000366200000,  -1.60000,
,,,00.000366400000,  -1.54000,
,,,00.000366600000,  -1.48000,
,,,00.000366800000,  -1.36000,
,,,00.000367000000,  -1.24000,
,,,00.000367200000,  -1.08000,
,,,00.000367400000,  -0.92000,
,,,00.000367600000,  -0.74000,
,,,00.000367800000,  -0.58000,
,,,00.000368000000,  -0.38000,
,,,00.000368200000,  -0.14000,
,,,00.000368400000,   0.04000,
,,,00.000368600000,   0.24000,
,,,00.000368800000,   0.46000,
,,,00.000369000000,   0.62000,
,,,00.000369200000,   0.82000,
,,,00.000369400000,   1.02000,
,,,00.000369600000,   1.16000,
,,,00.000369800000,   1.30000,
,,,00.000370000000,   1.40000,
,,,00.000370200000,   1.50000,
,,,00.000370400000,   1.58000,
,,,00.000370600000,   1.66000,
,,,00.000370800000,   1.68000,
,,,00.000371000000,   1.68000,
,,,00.000371200000,   1.66000,
,,,00.000371400000,   1.60000,
,,,00.000371600000,   1.54000,
,,,00.000371800000,   1.44000,
,,,00.000372000000,   1.30000,
,,,00.000372200000,   1.16000,
,,,00.000372400000,   1.00000,
,,,00.000372600000,   0.82000,
,,,00.000372800000,   0.66000,
,,,00.000373000000,   0.46000,
,,,00.000373200000,   0.26000,
,,,00.000373400000,   0.04000,
,,,00.000373600000,  -0.14000,
,,,00.000373800000,  -0.34000,
,,,00.000374000000,  -0.54000,
,,,00.000374200000,  -0.72000,
,,,00.000374400000,  -0.92000,
,,,00.000374600000,  -1.08000,
,,,00.000374800000,  -1.22000,
,,,00.000375000000,  -1.34000,
