Channel number	Impulses
Channel/#	Impulses/#

0	0
1	0
2	0
3	0
4	0
5	0
6	0
7	0
8	0
9	0
10	0
11	0
12	0
13	0
14	0
15	0
16	0
17	0
18	0
19	0
20	0
21	0
22	0
23	0
24	0
25	0
26	0
27	0
28	0
29	0
30	0
31	0
32	0
33	0
34	0
35	0
36	0
37	0
38	0
39	0
40	0
41	0
42	0
43	0
44	0
45	0
46	0
47	0
48	0
49	0
50	9
51	27
52	25
53	20
54	30
55	25
56	26
57	33
58	25
59	27
60	29
61	27
62	29
63	37
64	21
65	38
66	26
67	34
68	29
69	27
70	32
71	33
72	18
73	41
74	21
75	36
76	30
77	32
78	29
79	43
80	19
81	26
82	30
83	28
84	30
85	26
86	17
87	30
88	14
89	35
90	28
91	29
92	25
93	16
94	29
95	35
96	18
97	33
98	29
99	25
100	32
101	25
102	38
103	26
104	17
105	28
106	33
107	22
108	25
109	21
110	22
111	36
112	27
113	32
114	21
115	32
116	21
117	26
118	34
119	40
120	25
121	42
122	23
123	26
124	27
125	34
126	36
127	51
128	15
129	29
130	38
131	36
132	30
133	22
134	25
135	31
136	29
137	35
138	19
139	27
140	17
141	29
142	29
143	33
144	26
145	17
146	31
147	33
148	25
149	26
150	31
151	33
152	17
153	28
154	24
155	40
156	26
157	33
158	35
159	34
160	31
161	33
162	24
163	26
164	31
165	33
166	41
167	38
168	33
169	34
170	19
171	37
172	34
173	42
174	31
175	21
176	30
177	25
178	39
179	41
180	33
181	34
182	28
183	30
184	31
185	31
186	21
187	27
188	26
189	31
190	29
191	55
192	23
193	29
194	36
195	31
196	43
197	25
198	35
199	34
200	25
201	32
202	27
203	30
204	33
205	28
206	41
207	31
208	33
209	40
210	36
211	45
212	26
213	24
214	41
215	38
216	29
217	24
218	30
219	30
220	28
221	32
222	32
223	44
224	25
225	22
226	38
227	35
228	34
229	28
230	34
231	42
232	22
233	49
234	28
235	30
236	33
237	40
238	26
239	32
240	29
241	35
242	36
243	42
244	52
245	32
246	40
247	42
248	34
249	47
250	37
251	49
252	31
253	33
254	42
255	62
256	23
257	33
258	35
259	37
260	40
261	33
262	49
263	42
264	45
265	41
266	30
267	41
268	34
269	35
270	47
271	52
272	34
273	36
274	38
275	34
276	28
277	31
278	35
279	36
280	30
281	32
282	38
283	36
284	26
285	40
286	29
287	37
288	32
289	37
290	26
291	34
292	36
293	29
294	37
295	23
296	25
297	27
298	25
299	20
300	31
301	33
302	30
303	43
304	29
305	29
306	24
307	40
308	33
309	34
310	40
311	32
312	32
313	41
314	26
315	42
316	30
317	23
318	26
319	49
320	29
321	26
322	31
323	36
324	39
325	24
326	39
327	30
328	29
329	21
330	34
331	39
332	48
333	38
334	37
335	48
336	18
337	29
338	40
339	45
340	45
341	41
342	36
343	34
344	34
345	36
346	37
347	29
348	29
349	29
350	32
351	43
352	30
353	38
354	27
355	37
356	37
357	36
358	35
359	31
360	41
361	42
362	29
363	28
364	46
365	41
366	38
367	42
368	34
369	43
370	47
371	46
372	41
373	32
374	29
375	40
376	32
377	46
378	39
379	46
380	43
381	51
382	43
383	56
384	32
385	45
386	49
387	52
388	37
389	53
390	49
391	50
392	42
393	65
394	41
395	39
396	53
397	64
398	57
399	54
400	65
401	54
402	54
403	56
404	61
405	60
406	65
407	64
408	78
409	73
410	70
411	83
412	78
413	82
414	86
415	106
416	63
417	80
418	89
419	85
420	93
421	81
422	118
423	110
424	74
425	121
426	102
427	104
428	103
429	132
430	127
431	119
432	96
433	121
434	132
435	129
436	145
437	119
438	131
439	137
440	97
441	114
442	117
443	132
444	116
445	100
446	96
447	134
448	71
449	114
450	110
451	90
452	113
453	82
454	87
455	90
456	80
457	106
458	74
459	82
460	85
461	73
462	80
463	60
464	47
465	79
466	81
467	71
468	67
469	57
470	78
471	64
472	63
473	68
474	53
475	68
476	49
477	79
478	70
479	84
480	49
481	72
482	75
483	62
484	84
485	73
486	68
487	76
488	55
489	65
490	64
491	56
492	74
493	88
494	78
495	76
496	86
497	86
498	54
499	81
500	93
501	73
502	89
503	58
504	66
505	90
506	65
507	70
508	65
509	63
510	71
511	90
512	40
513	72
514	66
515	57
516	69
517	58
518	63
519	47
520	58
521	64
522	58
523	50
524	49
525	49
526	52
527	61
528	50
529	51
530	61
531	64
532	46
533	49
534	51
535	47
536	47
537	58
538	42
539	44
540	35
541	38
542	44
543	64
544	35
545	46
546	45
547	60
548	45
549	29
550	45
551	55
552	37
553	49
554	36
555	42
556	54
557	53
558	39
559	46
560	49
561	53
562	55
563	48
564	57
565	56
566	51
567	63
568	34
569	63
570	36
571	46
572	43
573	47
574	39
575	64
576	36
577	37
578	58
579	56
580	61
581	44
582	55
583	40
584	45
585	50
586	43
587	53
588	67
589	57
590	45
591	56
592	42
593	42
594	51
595	56
596	50
597	40
598	63
599	51
600	54
601	51
602	40
603	53
604	44
605	58
606	47
607	68
608	35
609	39
610	41
611	47
612	58
613	46
614	44
615	43
616	30
617	65
618	43
619	40
620	56
621	57
622	55
623	47
624	45
625	45
626	53
627	37
628	38
629	49
630	64
631	56
632	51
633	47
634	47
635	71
636	43
637	50
638	51
639	86
640	37
641	50
642	62
643	49
644	67
645	43
646	57
647	48
648	52
649	56
650	38
651	55
652	58
653	55
654	42
655	48
656	56
657	54
658	64
659	57
660	46
661	46
662	58
663	46
664	37
665	62
666	35
667	65
668	47
669	47
670	49
671	59
672	46
673	49
674	66
675	52
676	60
677	45
678	55
679	49
680	43
681	64
682	49
683	50
684	69
685	58
686	47
687	66
688	31
689	80
690	57
691	54
692	54
693	51
694	56
695	48
696	46
697	66
698	53
699	64
700	59
701	72
702	48
703	70
704	54
705	52
706	54
707	45
708	47
709	42
710	74
711	60
712	51
713	53
714	57
715	53
716	66
717	52
718	61
719	51
720	55
721	62
722	59
723	51
724	55
725	42
726	74
727	52
728	48
729	67
730	55
731	59
732	69
733	52
734	49
735	87
736	47
737	52
738	69
739	59
740	46
741	51
742	74
743	52
744	54
745	79
746	50
747	48
748	52
749	66
750	58
751	56
752	46
753	56
754	54
755	74
756	56
757	45
758	62
759	49
760	50
761	90
762	55
763	44
764	66
765	57
766	65
767	83
768	33
769	62
770	57
771	51
772	56
773	43
774	71
775	66
776	33
777	56
778	44
779	56
780	48
781	63
782	44
783	59
784	41
785	57
786	60
787	70
788	56
789	60
790	65
791	51
792	59
793	68
794	29
795	50
796	45
797	59
798	68
799	58
800	53
801	48
802	55
803	51
804	65
805	37
806	68
807	40
808	49
809	52
810	45
811	53
812	63
813	58
814	47
815	46
816	36
817	60
818	53
819	49
820	47
821	53
822	62
823	57
824	35
825	62
826	54
827	61
828	47
829	46
830	45
831	76
832	37
833	56
834	53
835	43
836	58
837	40
838	63
839	38
840	43
841	58
842	42
843	43
844	67
845	51
846	45
847	52
848	35
849	62
850	38
851	45
852	47
853	44
854	49
855	44
856	54
857	60
858	49
859	61
860	41
861	63
862	48
863	59
864	53
865	55
866	45
867	47
868	66
869	46
870	64
871	58
872	46
873	52
874	45
875	48
876	66
877	37
878	43
879	57
880	29
881	56
882	43
883	64
884	54
885	45
886	50
887	53
888	43
889	49
890	41
891	55
892	42
893	48
894	51
895	66
896	42
897	56
898	38
899	52
900	66
901	40
902	55
903	45
904	55
905	60
906	49
907	49
908	51
909	62
910	49
911	42
912	54
913	42
914	45
915	54
916	40
917	52
918	69
919	32
920	59
921	67
922	43
923	55
924	51
925	56
926	52
927	62
928	34
929	44
930	44
931	30
932	74
933	39
934	54
935	42
936	43
937	52
938	46
939	45
940	45
941	48
942	44
943	60
944	55
945	53
946	48
947	53
948	51
949	43
950	52
951	43
952	44
953	55
954	48
955	48
956	48
957	46
958	55
959	65
960	28
961	49
962	62
963	39
964	45
965	45
966	52
967	45
968	53
969	48
970	47
971	45
972	51
973	52
974	54
975	46
976	41
977	40
978	42
979	49
980	40
981	49
982	59
983	32
984	55
985	47
986	50
987	54
988	55
989	49
990	38
991	52
992	50
993	54
994	39
995	41
996	52
997	46
998	52
999	44
1000	50
1001	49
1002	35
1003	41
1004	46
1005	46
1006	43
1007	33
1008	44
1009	47
1010	51
1011	48
1012	45
1013	31
1014	55
1015	46
1016	60
1017	71
1018	38
1019	63
1020	51
1021	60
1022	58
1023	69
1024	27
1025	68
1026	43
1027	47
1028	58
1029	46
1030	58
1031	55
1032	53
1033	49
1034	31
1035	57
1036	54
1037	50
1038	53
1039	55
1040	33
1041	46
1042	43
1043	65
1044	42
1045	49
1046	53
1047	49
1048	50
1049	58
1050	35
1051	52
1052	40
1053	49
1054	53
1055	59
1056	41
1057	59
1058	48
1059	44
1060	55
1061	41
1062	47
1063	53
1064	45
1065	43
1066	49
1067	41
1068	56
1069	53
1070	55
1071	43
1072	37
1073	61
1074	57
1075	53
1076	41
1077	45
1078	50
1079	45
1080	39
1081	51
1082	41
1083	60
1084	35
1085	50
1086	41
1087	74
1088	35
1089	43
1090	45
1091	55
1092	60
1093	49
1094	59
1095	39
1096	34
1097	62
1098	51
1099	49
1100	52
1101	43
1102	38
1103	49
1104	31
1105	39
1106	39
1107	70
1108	49
1109	43
1110	49
1111	41
1112	43
1113	50
1114	55
1115	54
1116	34
1117	47
1118	44
1119	48
1120	32
1121	35
1122	47
1123	62
1124	48
1125	40
1126	58
1127	37
1128	36
1129	45
1130	48
1131	33
1132	52
1133	46
1134	40
1135	50
1136	33
1137	39
1138	48
1139	48
1140	64
1141	34
1142	54
1143	57
1144	26
1145	53
1146	32
1147	51
1148	41
1149	51
1150	54
1151	59
1152	34
1153	44
1154	44
1155	43
1156	47
1157	32
1158	36
1159	43
1160	39
1161	43
1162	37
1163	51
1164	53
1165	49
1166	38
1167	46
1168	43
1169	39
1170	44
1171	58
1172	44
1173	37
1174	48
1175	36
1176	40
1177	51
1178	36
1179	50
1180	45
1181	54
1182	44
1183	52
1184	40
1185	40
1186	43
1187	46
1188	42
1189	33
1190	62
1191	61
1192	33
1193	58
1194	47
1195	43
1196	40
1197	39
1198	36
1199	34
1200	32
1201	42
1202	43
1203	45
1204	44
1205	46
1206	45
1207	55
1208	36
1209	51
1210	37
1211	48
1212	29
1213	36
1214	46
1215	44
1216	35
1217	42
1218	49
1219	46
1220	45
1221	40
1222	68
1223	37
1224	38
1225	41
1226	34
1227	43
1228	53
1229	38
1230	42
1231	37
1232	33
1233	31
1234	35
1235	49
1236	47
1237	36
1238	40
1239	36
1240	30
1241	52
1242	29
1243	48
1244	37
1245	45
1246	40
1247	59
1248	29
1249	39
1250	34
1251	36
1252	48
1253	53
1254	43
1255	38
1256	31
1257	53
1258	39
1259	40
1260	49
1261	38
1262	40
1263	33
1264	36
1265	47
1266	48
1267	51
1268	37
1269	29
1270	43
1271	44
1272	32
1273	39
1274	33
1275	52
1276	36
1277	39
1278	37
1279	59
1280	23
1281	41
1282	31
1283	39
1284	30
1285	23
1286	50
1287	33
1288	37
1289	44
1290	38
1291	39
1292	46
1293	41
1294	42
1295	39
1296	31
1297	34
1298	34
1299	35
1300	47
1301	32
1302	37
1303	38
1304	38
1305	42
1306	43
1307	44
1308	32
1309	41
1310	50
1311	41
1312	36
1313	37
1314	40
1315	27
1316	39
1317	39
1318	49
1319	40
1320	35
1321	50
1322	37
1323	41
1324	36
1325	37
1326	33
1327	23
1328	42
1329	49
1330	43
1331	43
1332	32
1333	33
1334	36
1335	37
1336	19
1337	48
1338	30
1339	42
1340	37
1341	39
1342	38
1343	51
1344	30
1345	38
1346	33
1347	25
1348	42
1349	34
1350	37
1351	27
1352	30
1353	39
1354	24
1355	36
1356	35
1357	28
1358	38
1359	35
1360	29
1361	31
1362	45
1363	38
1364	42
1365	32
1366	45
1367	24
1368	24
1369	34
1370	35
1371	34
1372	28
1373	41
1374	42
1375	36
1376	29
1377	55
1378	24
1379	38
1380	45
1381	28
1382	34
1383	20
1384	24
1385	30
1386	34
1387	42
1388	31
1389	23
1390	34
1391	23
1392	28
1393	25
1394	38
1395	37
1396	26
1397	28
1398	38
1399	27
1400	26
1401	32
1402	31
1403	31
1404	34
1405	21
1406	31
1407	29
1408	32
1409	31
1410	42
1411	34
1412	48
1413	32
1414	41
1415	30
1416	43
1417	46
1418	34
1419	33
1420	25
1421	31
1422	26
1423	27
1424	31
1425	25
1426	34
1427	41
1428	31
1429	24
1430	40
1431	20
1432	31
1433	31
1434	28
1435	35
1436	43
1437	38
1438	27
1439	42
1440	28
1441	35
1442	28
1443	34
1444	38
1445	26
1446	39
1447	46
1448	28
1449	36
1450	24
1451	28
1452	33
1453	29
1454	37
1455	15
1456	22
1457	40
1458	33
1459	45
1460	27
1461	30
1462	35
1463	30
1464	25
1465	36
1466	27
1467	35
1468	42
1469	34
1470	26
1471	32
1472	22
1473	41
1474	31
1475	25
1476	40
1477	11
1478	38
1479	27
1480	37
1481	42
1482	32
1483	30
1484	26
1485	30
1486	32
1487	33
1488	31
1489	26
1490	25
1491	31
1492	36
1493	26
1494	52
1495	21
1496	30
1497	30
1498	27
1499	40
1500	22
1501	33
1502	29
1503	39
1504	28
1505	30
1506	34
1507	29
1508	40
1509	28
1510	37
1511	33
1512	25
1513	32
1514	29
1515	25
1516	36
1517	31
1518	28
1519	33
1520	35
1521	37
1522	25
1523	30
1524	28
1525	21
1526	33
1527	27
1528	25
1529	32
1530	16
1531	29
1532	42
1533	26
1534	30
1535	31
1536	26
1537	39
1538	29
1539	28
1540	35
1541	27
1542	19
1543	26
1544	19
1545	30
1546	27
1547	39
1548	32
1549	30
1550	31
1551	29
1552	26
1553	38
1554	33
1555	47
1556	38
1557	20
1558	32
1559	21
1560	29
1561	38
1562	31
1563	27
1564	32
1565	33
1566	29
1567	32
1568	25
1569	27
1570	28
1571	31
1572	32
1573	30
1574	25
1575	30
1576	27
1577	37
1578	24
1579	26
1580	33
1581	21
1582	29
1583	22
1584	23
1585	20
1586	35
1587	33
1588	23
1589	35
1590	32
1591	36
1592	26
1593	24
1594	27
1595	31
1596	36
1597	23
1598	26
1599	35
1600	37
1601	34
1602	32
1603	29
1604	38
1605	21
1606	31
1607	34
1608	28
1609	39
1610	21
1611	28
1612	35
1613	24
1614	23
1615	39
1616	26
1617	29
1618	26
1619	36
1620	28
1621	21
1622	34
1623	25
1624	28
1625	34
1626	29
1627	34
1628	20
1629	32
1630	22
1631	40
1632	30
1633	29
1634	33
1635	29
1636	43
1637	29
1638	23
1639	26
1640	24
1641	32
1642	23
1643	28
1644	36
1645	24
1646	24
1647	26
1648	23
1649	34
1650	31
1651	32
1652	25
1653	23
1654	35
1655	26
1656	26
1657	34
1658	17
1659	35
1660	30
1661	26
1662	32
1663	29
1664	27
1665	31
1666	28
1667	19
1668	47
1669	33
1670	42
1671	23
1672	29
1673	39
1674	35
1675	27
1676	37
1677	27
1678	23
1679	26
1680	21
1681	35
1682	38
1683	34
1684	28
1685	23
1686	31
1687	32
1688	28
1689	30
1690	32
1691	21
1692	32
1693	39
1694	31
1695	42
1696	28
1697	30
1698	30
1699	25
1700	29
1701	21
1702	37
1703	23
1704	19
1705	29
1706	22
1707	25
1708	31
1709	27
1710	28
1711	23
1712	33
1713	28
1714	29
1715	34
1716	32
1717	24
1718	34
1719	21
1720	28
1721	26
1722	28
1723	30
1724	31
1725	32
1726	38
1727	32
1728	30
1729	35
1730	32
1731	25
1732	30
1733	25
1734	34
1735	23
1736	29
1737	36
1738	31
1739	29
1740	21
1741	22
1742	19
1743	18
1744	36
1745	31
1746	17
1747	41
1748	29
1749	24
1750	37
1751	25
1752	31
1753	24
1754	22
1755	27
1756	33
1757	23
1758	28
1759	25
1760	25
1761	35
1762	25
1763	23
1764	36
1765	24
1766	36
1767	20
1768	12
1769	33
1770	22
1771	20
1772	36
1773	29
1774	27
1775	25
1776	25
1777	26
1778	21
1779	35
1780	29
1781	28
1782	32
1783	16
1784	29
1785	29
1786	25
1787	28
1788	33
1789	20
1790	27
1791	34
1792	22
1793	24
1794	30
1795	33
1796	38
1797	20
1798	32
1799	25
1800	27
1801	32
1802	21
1803	27
1804	25
1805	21
1806	35
1807	22
1808	38
1809	22
1810	28
1811	27
1812	30
1813	18
1814	27
1815	24
1816	27
1817	28
1818	34
1819	29
1820	31
1821	24
1822	26
1823	28
1824	32
1825	34
1826	26
1827	23
1828	26
1829	20
1830	37
1831	30
1832	28
1833	37
1834	28
1835	31
1836	37
1837	28
1838	23
1839	23
1840	39
1841	36
1842	29
1843	40
1844	31
1845	23
1846	32
1847	30
1848	20
1849	19
1850	32
1851	33
1852	30
1853	27
1854	24
1855	35
1856	28
1857	31
1858	33
1859	26
1860	37
1861	25
1862	30
1863	24
1864	40
1865	24
1866	23
1867	32
1868	34
1869	26
1870	28
1871	33
1872	16
1873	25
1874	31
1875	21
1876	25
1877	19
1878	23
1879	24
1880	24
1881	29
1882	23
1883	33
1884	26
1885	24
1886	29
1887	22
1888	29
1889	21
1890	32
1891	26
1892	32
1893	21
1894	34
1895	20
1896	26
1897	34
1898	36
1899	26
1900	28
1901	21
1902	31
1903	26
1904	34
1905	22
1906	31
1907	37
1908	25
1909	22
1910	33
1911	26
1912	24
1913	34
1914	24
1915	26
1916	31
1917	28
1918	26
1919	32
1920	29
1921	36
1922	37
1923	18
1924	31
1925	24
1926	32
1927	18
1928	21
1929	33
1930	23
1931	27
1932	31
1933	30
1934	23
1935	25
1936	22
1937	29
1938	25
1939	26
1940	22
1941	17
1942	41
1943	15
1944	36
1945	28
1946	23
1947	27
1948	31
1949	33
1950	28
1951	39
1952	21
1953	18
1954	18
1955	25
1956	33
1957	25
1958	34
1959	27
1960	26
1961	33
1962	22
1963	25
1964	31
1965	29
1966	34
1967	18
1968	33
1969	28
1970	35
1971	30
1972	40
1973	21
1974	37
1975	19
1976	21
1977	31
1978	24
1979	32
1980	35
1981	29
1982	22
1983	30
1984	26
1985	35
1986	28
1987	23
1988	38
1989	22
1990	36
1991	16
1992	29
1993	39
1994	25
1995	23
1996	37
1997	23
1998	31
1999	19
2000	24
2001	25
2002	21
2003	27
2004	23
2005	26
2006	29
2007	24
2008	22
2009	17
2010	16
2011	37
2012	21
2013	28
2014	28
2015	23
2016	25
2017	32
2018	29
2019	28
2020	32
2021	20
2022	31
2023	22
2024	30
2025	37
2026	24
2027	25
2028	28
2029	29
2030	33
2031	19
2032	26
2033	20
2034	24
2035	23
2036	35
2037	17
2038	26
2039	21
2040	22
2041	33
2042	20
2043	30
2044	27
2045	23
2046	25
2047	30
2048	28
2049	35
2050	29
2051	33
2052	28
2053	27
2054	26
2055	21
2056	27
2057	39
2058	32
2059	42
2060	29
2061	23
2062	21
2063	26
2064	21
2065	29
2066	27
2067	29
2068	17
2069	21
2070	36
2071	20
2072	23
2073	34
2074	14
2075	32
2076	34
2077	26
2078	20
2079	36
2080	31
2081	29
2082	24
2083	27
2084	27
2085	23
2086	36
2087	20
2088	20
2089	28
2090	19
2091	16
2092	25
2093	34
2094	20
2095	16
2096	24
2097	26
2098	26
2099	34
2100	35
2101	23
2102	24
2103	29
2104	17
2105	34
2106	12
2107	29
2108	28
2109	37
2110	31
2111	29
2112	19
2113	30
2114	30
2115	30
2116	26
2117	19
2118	30
2119	18
2120	27
2121	27
2122	17
2123	28
2124	27
2125	26
2126	25
2127	27
2128	22
2129	20
2130	28
2131	21
2132	21
2133	30
2134	31
2135	12
2136	35
2137	34
2138	30
2139	25
2140	24
2141	22
2142	15
2143	21
2144	24
2145	23
2146	23
2147	23
2148	22
2149	25
2150	29
2151	23
2152	13
2153	30
2154	14
2155	34
2156	36
2157	26
2158	29
2159	19
2160	27
2161	25
2162	20
2163	35
2164	18
2165	13
2166	24
2167	32
2168	24
2169	41
2170	21
2171	37
2172	20
2173	22
2174	13
2175	21
2176	17
2177	24
2178	28
2179	22
2180	30
2181	21
2182	35
2183	18
2184	25
2185	37
2186	23
2187	19
2188	33
2189	22
2190	39
2191	23
2192	32
2193	20
2194	27
2195	25
2196	23
2197	14
2198	31
2199	27
2200	34
2201	33
2202	31
2203	26
2204	38
2205	19
2206	20
2207	30
2208	24
2209	21
2210	30
2211	24
2212	30
2213	17
2214	35
2215	33
2216	29
2217	34
2218	14
2219	21
2220	35
2221	37
2222	26
2223	24
2224	27
2225	20
2226	25
2227	28
2228	27
2229	22
2230	28
2231	25
2232	20
2233	33
2234	25
2235	22
2236	19
2237	19
2238	29
2239	20
2240	33
2241	19
2242	24
2243	25
2244	26
2245	20
2246	31
2247	15
2248	21
2249	14
2250	33
2251	28
2252	30
2253	24
2254	17
2255	24
2256	27
2257	26
2258	21
2259	43
2260	19
2261	22
2262	45
2263	21
2264	24
2265	34
2266	19
2267	28
2268	27
2269	13
2270	26
2271	26
2272	26
2273	32
2274	28
2275	25
2276	30
2277	15
2278	38
2279	18
2280	25
2281	28
2282	22
2283	9
2284	35
2285	23
2286	33
2287	23
2288	19
2289	24
2290	37
2291	34
2292	30
2293	19
2294	43
2295	32
2296	23
2297	33
2298	26
2299	33
2300	32
2301	24
2302	31
2303	26
2304	27
2305	27
2306	21
2307	25
2308	31
2309	16
2310	39
2311	15
2312	27
2313	43
2314	14
2315	24
2316	36
2317	26
2318	26
2319	21
2320	13
2321	27
2322	23
2323	32
2324	20
2325	25
2326	20
2327	20
2328	29
2329	33
2330	18
2331	23
2332	25
2333	24
2334	22
2335	23
2336	20
2337	31
2338	23
2339	24
2340	35
2341	21
2342	32
2343	23
2344	15
2345	23
2346	25
2347	21
2348	27
2349	34
2350	15
2351	19
2352	33
2353	21
2354	23
2355	28
2356	25
2357	21
2358	24
2359	19
2360	19
2361	25
2362	21
2363	29
2364	26
2365	28
2366	25
2367	27
2368	19
2369	24
2370	25
2371	22
2372	25
2373	29
2374	33
2375	16
2376	25
2377	32
2378	20
2379	28
2380	31
2381	19
2382	19
2383	20
2384	21
2385	30
2386	29
2387	29
2388	23
2389	19
2390	18
2391	15
2392	30
2393	32
2394	24
2395	31
2396	26
2397	20
2398	35
2399	22
2400	33
2401	22
2402	32
2403	20
2404	37
2405	22
2406	32
2407	26
2408	23
2409	32
2410	25
2411	22
2412	30
2413	14
2414	22
2415	30
2416	24
2417	27
2418	27
2419	28
2420	25
2421	26
2422	33
2423	27
2424	20
2425	27
2426	30
2427	25
2428	31
2429	21
2430	29
2431	20
2432	38
2433	31
2434	25
2435	19
2436	35
2437	22
2438	20
2439	19
2440	26
2441	37
2442	24
2443	19
2444	30
2445	25
2446	30
2447	17
2448	24
2449	28
2450	35
2451	28
2452	26
2453	26
2454	29
2455	13
2456	18
2457	32
2458	23
2459	31
2460	32
2461	26
2462	28
2463	22
2464	24
2465	20
2466	32
2467	26
2468	28
2469	23
2470	26
2471	19
2472	24
2473	37
2474	25
2475	21
2476	34
2477	23
2478	22
2479	20
2480	26
2481	24
2482	27
2483	32
2484	31
2485	18
2486	35
2487	21
2488	26
2489	27
2490	24
2491	32
2492	35
2493	36
2494	22
2495	27
2496	23
2497	30
2498	25
2499	27
2500	22
2501	22
2502	36
2503	21
2504	20
2505	29
2506	27
2507	20
2508	32
2509	32
2510	23
2511	25
2512	29
2513	31
2514	39
2515	32
2516	25
2517	16
2518	28
2519	20
2520	34
2521	33
2522	17
2523	34
2524	29
2525	20
2526	30
2527	22
2528	19
2529	29
2530	30
2531	22
2532	30
2533	31
2534	29
2535	19
2536	22
2537	31
2538	20
2539	25
2540	32
2541	31
2542	21
2543	25
2544	26
2545	20
2546	28
2547	27
2548	24
2549	18
2550	40
2551	21
2552	26
2553	33
2554	27
2555	30
2556	22
2557	25
2558	17
2559	29
2560	34
2561	25
2562	27
2563	21
2564	42
2565	24
2566	32
2567	21
2568	36
2569	29
2570	27
2571	25
2572	40
2573	28
2574	33
2575	21
2576	28
2577	21
2578	27
2579	27
2580	35
2581	24
2582	22
2583	22
2584	23
2585	31
2586	29
2587	24
2588	18
2589	34
2590	25
2591	27
2592	39
2593	23
2594	23
2595	25
2596	36
2597	24
2598	30
2599	22
2600	21
2601	31
2602	21
2603	28
2604	24
2605	38
2606	33
2607	16
2608	32
2609	29
2610	25
2611	36
2612	17
2613	19
2614	29
2615	22
2616	15
2617	22
2618	22
2619	28
2620	29
2621	21
2622	28
2623	21
2624	24
2625	33
2626	32
2627	23
2628	36
2629	26
2630	33
2631	25
2632	34
2633	30
2634	15
2635	29
2636	43
2637	22
2638	25
2639	27
2640	23
2641	23
2642	25
2643	36
2644	28
2645	23
2646	38
2647	19
2648	25
2649	32
2650	25
2651	28
2652	27
2653	24
2654	24
2655	20
2656	18
2657	25
2658	31
2659	20
2660	29
2661	26
2662	37
2663	28
2664	23
2665	39
2666	24
2667	25
2668	43
2669	34
2670	27
2671	20
2672	24
2673	29
2674	31
2675	32
2676	31
2677	24
2678	33
2679	26
2680	20
2681	40
2682	20
2683	40
2684	41
2685	25
2686	30
2687	31
2688	20
2689	29
2690	28
2691	38
2692	33
2693	30
2694	41
2695	17
2696	28
2697	28
2698	25
2699	31
2700	40
2701	31
2702	45
2703	24
2704	25
2705	29
2706	26
2707	33
2708	29
2709	27
2710	38
2711	20
2712	31
2713	37
2714	22
2715	37
2716	30
2717	34
2718	27
2719	32
2720	23
2721	30
2722	40
2723	34
2724	46
2725	21
2726	41
2727	22
2728	15
2729	29
2730	21
2731	31
2732	38
2733	25
2734	27
2735	21
2736	37
2737	31
2738	33
2739	35
2740	38
2741	22
2742	32
2743	28
2744	28
2745	31
2746	28
2747	36
2748	34
2749	27
2750	32
2751	27
2752	46
2753	30
2754	35
2755	28
2756	39
2757	27
2758	38
2759	25
2760	27
2761	42
2762	18
2763	23
2764	46
2765	35
2766	29
2767	21
2768	28
2769	33
2770	31
2771	42
2772	44
2773	19
2774	41
2775	20
2776	38
2777	36
2778	27
2779	39
2780	30
2781	26
2782	29
2783	29
2784	37
2785	32
2786	31
2787	31
2788	41
2789	23
2790	42
2791	27
2792	29
2793	38
2794	26
2795	25
2796	49
2797	32
2798	33
2799	34
2800	29
2801	34
2802	29
2803	26
2804	32
2805	21
2806	38
2807	33
2808	29
2809	38
2810	23
2811	33
2812	34
2813	23
2814	28
2815	31
2816	32
2817	24
2818	37
2819	31
2820	41
2821	31
2822	37
2823	18
2824	35
2825	46
2826	27
2827	39
2828	38
2829	36
2830	33
2831	23
2832	47
2833	25
2834	26
2835	42
2836	29
2837	24
2838	37
2839	25
2840	33
2841	44
2842	29
2843	28
2844	37
2845	31
2846	30
2847	29
2848	39
2849	25
2850	35
2851	36
2852	33
2853	25
2854	41
2855	26
2856	16
2857	45
2858	22
2859	26
2860	40
2861	40
2862	41
2863	20
2864	50
2865	27
2866	30
2867	36
2868	39
2869	23
2870	37
2871	18
2872	25
2873	24
2874	21
2875	46
2876	35
2877	34
2878	21
2879	23
2880	16
2881	32
2882	27
2883	35
2884	47
2885	16
2886	46
2887	18
2888	28
2889	43
2890	24
2891	36
2892	48
2893	25
2894	29
2895	36
2896	28
2897	30
2898	27
2899	30
2900	33
2901	27
2902	32
2903	23
2904	36
2905	43
2906	24
2907	45
2908	28
2909	24
2910	37
2911	32
2912	47
2913	36
2914	41
2915	21
2916	48
2917	29
2918	34
2919	24
2920	45
2921	36
2922	22
2923	22
2924	35
2925	34
2926	35
2927	24
2928	27
2929	29
2930	32
2931	30
2932	38
2933	36
2934	24
2935	30
2936	42
2937	37
2938	35
2939	36
2940	38
2941	40
2942	35
2943	30
2944	29
2945	23
2946	37
2947	32
2948	38
2949	20
2950	39
2951	19
2952	46
2953	38
2954	33
2955	30
2956	37
2957	29
2958	34
2959	22
2960	38
2961	36
2962	35
2963	44
2964	46
2965	21
2966	38
2967	23
2968	23
2969	41
2970	20
2971	38
2972	37
2973	37
2974	46
2975	25
2976	38
2977	36
2978	28
2979	25
2980	40
2981	19
2982	45
2983	25
2984	34
2985	35
2986	29
2987	26
2988	37
2989	34
2990	33
2991	19
2992	40
2993	25
2994	36
2995	32
2996	33
2997	24
2998	44
2999	28
3000	26
3001	38
3002	22
3003	34
3004	33
3005	31
3006	47
3007	28
3008	37
3009	39
3010	33
3011	27
3012	42
3013	21
3014	41
3015	28
3016	29
3017	33
3018	24
3019	41
3020	40
3021	28
3022	28
3023	19
3024	27
3025	31
3026	31
3027	36
3028	42
3029	23
3030	36
3031	19
3032	36
3033	44
3034	36
3035	32
3036	25
3037	23
3038	33
3039	31
3040	33
3041	30
3042	23
3043	31
3044	36
3045	28
3046	36
3047	20
3048	35
3049	32
3050	19
3051	32
3052	34
3053	34
3054	21
3055	20
3056	28
3057	28
3058	31
3059	30
3060	28
3061	29
3062	41
3063	23
3064	22
3065	34
3066	30
3067	32
3068	32
3069	30
3070	21
3071	8
3072	40
3073	36
3074	35
3075	34
3076	35
3077	28
3078	39
3079	26
3080	24
3081	35
3082	20
3083	14
3084	43
3085	41
3086	27
3087	21
3088	19
3089	26
3090	33
3091	32
3092	26
3093	20
3094	29
3095	21
3096	27
3097	32
3098	27
3099	33
3100	33
3101	27
3102	31
3103	27
3104	34
3105	29
3106	32
3107	21
3108	33
3109	27
3110	36
3111	19
3112	18
3113	34
3114	29
3115	30
3116	42
3117	21
3118	16
3119	18
3120	21
3121	26
3122	29
3123	27
3124	30
3125	21
3126	23
3127	22
3128	12
3129	23
3130	22
3131	32
3132	27
3133	33
3134	24
3135	19
3136	31
3137	18
3138	26
3139	27
3140	34
3141	23
3142	30
3143	18
3144	15
3145	26
3146	25
3147	21
3148	24
3149	29
3150	29
3151	18
3152	19
3153	28
3154	21
3155	23
3156	14
3157	17
3158	20
3159	14
3160	13
3161	26
3162	15
3163	24
3164	14
3165	21
3166	26
3167	21
3168	28
3169	14
3170	14
3171	15
3172	35
3173	21
3174	35
3175	15
3176	12
3177	22
3178	15
3179	16
3180	27
3181	19
3182	16
3183	18
3184	17
3185	20
3186	24
3187	14
3188	19
3189	11
3190	23
3191	21
3192	13
3193	22
3194	13
3195	17
3196	11
3197	22
3198	17
3199	8
3200	16
3201	9
3202	26
3203	17
3204	17
3205	22
3206	29
3207	11
3208	21
3209	18
3210	9
3211	19
3212	19
3213	19
3214	16
3215	9
3216	14
3217	16
3218	23
3219	20
3220	18
3221	12
3222	20
3223	12
3224	8
3225	17
3226	15
3227	20
3228	13
3229	17
3230	11
3231	11
3232	16
3233	9
3234	15
3235	20
3236	16
3237	8
3238	17
3239	13
3240	15
3241	9
3242	13
3243	10
3244	16
3245	11
3246	11
3247	9
3248	16
3249	18
3250	11
3251	18
3252	19
3253	12
3254	14
3255	17
3256	9
3257	13
3258	8
3259	14
3260	8
3261	13
3262	12
3263	6
3264	16
3265	9
3266	10
3267	12
3268	22
3269	10
3270	15
3271	11
3272	19
3273	15
3274	6
3275	6
3276	15
3277	6
3278	13
3279	8
3280	9
3281	11
3282	20
3283	19
3284	10
3285	8
3286	9
3287	7
3288	11
3289	12
3290	11
3291	10
3292	13
3293	8
3294	6
3295	10
3296	11
3297	8
3298	2
3299	6
3300	14
3301	8
3302	13
3303	6
3304	10
3305	13
3306	10
3307	9
3308	11
3309	9
3310	8
3311	5
3312	5
3313	5
3314	12
3315	8
3316	10
3317	6
3318	11
3319	9
3320	8
3321	12
3322	10
3323	12
3324	9
3325	8
3326	7
3327	6
3328	13
3329	5
3330	9
3331	7
3332	9
3333	7
3334	11
3335	4
3336	7
3337	8
3338	7
3339	3
3340	5
3341	11
3342	8
3343	7
3344	11
3345	4
3346	5
3347	6
3348	5
3349	5
3350	6
3351	8
3352	4
3353	7
3354	11
3355	6
3356	9
3357	4
3358	2
3359	9
3360	6
3361	7
3362	4
3363	13
3364	6
3365	3
3366	7
3367	5
3368	2
3369	8
3370	5
3371	2
3372	8
3373	4
3374	3
3375	5
3376	6
3377	4
3378	6
3379	7
3380	6
3381	3
3382	12
3383	9
3384	5
3385	6
3386	4
3387	10
3388	3
3389	2
3390	6
3391	5
3392	2
3393	5
3394	4
3395	4
3396	3
3397	2
3398	4
3399	3
3400	7
3401	5
3402	3
3403	3
3404	8
3405	5
3406	10
3407	0
3408	4
3409	3
3410	5
3411	3
3412	3
3413	3
3414	6
3415	3
3416	4
3417	1
3418	3
3419	3
3420	3
3421	11
3422	2
3423	2
3424	3
3425	4
3426	7
3427	5
3428	5
3429	1
3430	4
3431	2
3432	2
3433	5
3434	4
3435	6
3436	8
3437	6
3438	3
3439	2
3440	9
3441	4
3442	4
3443	3
3444	5
3445	1
3446	3
3447	5
3448	0
3449	3
3450	2
3451	4
3452	1
3453	3
3454	2
3455	2
3456	4
3457	6
3458	3
3459	4
3460	5
3461	2
3462	2
3463	6
3464	1
3465	2
3466	2
3467	2
3468	2
3469	4
3470	7
3471	2
3472	6
3473	2
3474	1
3475	2
3476	3
3477	2
3478	4
3479	3
3480	6
3481	3
3482	1
3483	9
3484	6
3485	2
3486	3
3487	1
3488	2
3489	3
3490	3
3491	1
3492	1
3493	2
3494	5
3495	3
3496	1
3497	0
3498	2
3499	2
3500	5
3501	5
3502	3
3503	1
3504	2
3505	2
3506	7
3507	4
3508	3
3509	3
3510	4
3511	3
3512	3
3513	4
3514	2
3515	4
3516	0
3517	4
3518	1
3519	3
3520	2
3521	6
3522	1
3523	4
3524	0
3525	1
3526	2
3527	0
3528	7
3529	2
3530	2
3531	6
3532	2
3533	4
3534	7
3535	2
3536	3
3537	5
3538	4
3539	2
3540	4
3541	1
3542	4
3543	0
3544	5
3545	4
3546	0
3547	3
3548	1
3549	1
3550	1
3551	4
3552	1
3553	2
3554	3
3555	4
3556	3
3557	0
3558	5
3559	3
3560	1
3561	4
3562	1
3563	3
3564	2
3565	1
3566	2
3567	2
3568	3
3569	3
3570	4
3571	4
3572	0
3573	0
3574	6
3575	2
3576	0
3577	2
3578	2
3579	4
3580	3
3581	1
3582	4
3583	3
3584	6
3585	0
3586	3
3587	2
3588	3
3589	1
3590	2
3591	1
3592	6
3593	4
3594	2
3595	4
3596	4
3597	1
3598	3
3599	1
3600	1
3601	3
3602	3
3603	2
3604	3
3605	4
3606	3
3607	3
3608	1
3609	4
3610	1
3611	4
3612	2
3613	4
3614	2
3615	0
3616	3
3617	5
3618	2
3619	2
3620	3
3621	4
3622	3
3623	3
3624	2
3625	2
3626	1
3627	0
3628	3
3629	1
3630	2
3631	0
3632	3
3633	3
3634	6
3635	2
3636	3
3637	0
3638	2
3639	2
3640	1
3641	1
3642	1
3643	1
3644	3
3645	1
3646	0
3647	2
3648	2
3649	2
3650	2
3651	2
3652	0
3653	1
3654	4
3655	4
3656	1
3657	2
3658	1
3659	4
3660	2
3661	0
3662	0
3663	3
3664	1
3665	3
3666	4
3667	0
3668	2
3669	1
3670	1
3671	1
3672	5
3673	2
3674	0
3675	2
3676	1
3677	1
3678	1
3679	0
3680	4
3681	0
3682	4
3683	0
3684	2
3685	2
3686	4
3687	1
3688	1
3689	3
3690	2
3691	2
3692	3
3693	1
3694	2
3695	1
3696	2
3697	0
3698	1
3699	1
3700	4
3701	1
3702	5
3703	0
3704	2
3705	3
3706	1
3707	2
3708	2
3709	2
3710	2
3711	2
3712	1
3713	2
3714	3
3715	1
3716	3
3717	1
3718	0
3719	2
3720	0
3721	5
3722	1
3723	2
3724	5
3725	2
3726	2
3727	1
3728	2
3729	3
3730	3
3731	5
3732	0
3733	0
3734	3
3735	4
3736	3
3737	2
3738	1
3739	2
3740	2
3741	3
3742	2
3743	1
3744	2
3745	1
3746	3
3747	3
3748	1
3749	2
3750	5
3751	3
3752	1
3753	2
3754	5
3755	2
3756	1
3757	2
3758	1
3759	2
3760	3
3761	5
3762	2
3763	2
3764	0
3765	1
3766	4
3767	1
3768	2
3769	4
3770	3
3771	5
3772	1
3773	2
3774	2
3775	2
3776	4
3777	1
3778	1
3779	2
3780	3
3781	1
3782	3
3783	0
3784	1
3785	4
3786	2
3787	1
3788	3
3789	0
3790	3
3791	3
3792	0
3793	3
3794	5
3795	6
3796	3
3797	2
3798	0
3799	1
3800	3
3801	5
3802	1
3803	1
3804	4
3805	4
3806	0
3807	3
3808	2
3809	1
3810	0
3811	3
3812	3
3813	1
3814	2
3815	1
3816	1
3817	4
3818	2
3819	3
3820	4
3821	3
3822	1
3823	0
3824	1
3825	2
3826	5
3827	1
3828	6
3829	2
3830	4
3831	2
3832	0
3833	0
3834	2
3835	3
3836	1
3837	4
3838	3
3839	2
3840	2
3841	1
3842	2
3843	2
3844	1
3845	2
3846	5
3847	0
3848	4
3849	1
3850	1
3851	2
3852	1
3853	3
3854	2
3855	1
3856	2
3857	0
3858	1
3859	1
3860	3
3861	2
3862	2
3863	2
3864	3
3865	6
3866	3
3867	1
3868	0
3869	1
3870	3
3871	2
3872	1
3873	1
3874	4
3875	2
3876	3
3877	1
3878	3
3879	1
3880	3
3881	3
3882	1
3883	2
3884	4
3885	4
3886	3
3887	0
3888	6
3889	3
3890	5
3891	1
3892	1
3893	2
3894	4
3895	1
3896	5
3897	0
3898	1
3899	3
3900	2
3901	3
3902	2
3903	4
3904	3
3905	2
3906	1
3907	2
3908	2
3909	2
3910	1
3911	2
3912	0
3913	2
3914	0
3915	1
3916	1
3917	4
3918	0
3919	5
3920	1
3921	0
3922	2
3923	3
3924	2
3925	0
3926	1
3927	1
3928	3
3929	1
3930	1
3931	2
3932	1
3933	2
3934	3
3935	0
3936	3
3937	2
3938	1
3939	3
3940	0
3941	0
3942	1
3943	2
3944	0
3945	3
3946	3
3947	0
3948	4
3949	0
3950	0
3951	2
3952	1
3953	1
3954	0
3955	4
3956	4
3957	1
3958	1
3959	2
3960	1
3961	0
3962	2
3963	3
3964	2
3965	0
3966	1
3967	2
3968	4
3969	1
3970	0
3971	2
3972	7
3973	2
3974	0
3975	3
3976	1
3977	1
3978	4
3979	1
3980	3
3981	3
3982	2
3983	0
3984	2
3985	2
3986	3
3987	1
3988	3
3989	2
3990	2
3991	2
3992	6
3993	1
3994	0
3995	2
3996	4
3997	0
3998	4
3999	3
4000	2
