Record Length,2.500000e+03,,   0.000000000000,   0.56000,
Sample Interval,4.000000e-09,,   0.000000004000,   0.64000,
Trigger Point,-0.000000000000e+00,,   0.000000008000,   0.80000,
,,,   0.000000012000,   0.88000,
,,,   0.000000016000,   0.88000,
,,,   0.000000020000,   0.84000,
Source,CH1,,   0.000000024000,   0.80000,
Vertical Units,V,,   0.000000028000,   0.80000,
Vertical Scale,1.000000e+00,,   0.000000032000,   0.68000,
Vertical Offset,0.000000e+00,,   0.000000036000,   0.68000,
Horizontal Units,s,,   0.000000040000,   0.64000,
Horizontal Scale,1.000000e-06,,   0.000000044000,   0.64000,
Pt Fmt,Y,,   0.000000048000,   0.68000,
Yzero,0.000000e+00,,   0.000000052000,   0.72000,
Probe Atten,1.000000e+00,,   0.000000056000,   0.68000,
Model Number,TBS1072B-EDU,,   0.000000060000,   0.76000,
Serial Number,C013497,,   0.000000064000,   0.80000,
Firmware Version,FV:v4.0,,   0.000000068000,   0.88000,
,,,0.000000072000,   0.96000,
,,,0.000000076000,   0.96000,
,,,0.000000080000,   1.04000,
,,,0.000000084000,   1.12000,
,,,0.000000088000,   1.12000,
,,,0.000000092000,   1.28000,
,,,0.000000096000,   1.28000,
,,,0.000000100000,   1.40000,
,,,0.000000104000,   1.40000,
,,,0.000000108000,   1.44000,
,,,0.000000112000,   1.56000,
,,,0.000000116000,   1.56000,
,,,0.000000120000,   1.56000,
,,,0.000000124000,   1.64000,
,,,0.000000128000,   1.68000,
,,,0.000000132000,   1.68000,
,,,0.000000136000,   1.76000,
,,,0.000000140000,   1.76000,
,,,0.000000144000,   1.80000,
,,,0.000000148000,   1.88000,
,,,0.000000152000,   1.88000,
,,,0.000000156000,   1.92000,
,,,0.000000160000,   1.96000,
,,,0.000000164000,   1.96000,
,,,0.000000168000,   1.96000,
,,,0.000000172000,   1.96000,
,,,0.000000176000,   2.00000,
,,,0.000000180000,   2.00000,
,,,0.000000184000,   2.12000,
,,,0.000000188000,   2.08000,
,,,0.000000192000,   2.08000,
,,,0.000000196000,   2.16000,
,,,0.000000200000,   2.20000,
,,,0.000000204000,   2.08000,
,,,0.000000208000,   2.12000,
,,,0.000000212000,   2.20000,
,,,0.000000216000,   2.16000,
,,,0.000000220000,   2.16000,
,,,0.000000224000,   2.28000,
,,,0.000000228000,   2.24000,
,,,0.000000232000,   2.20000,
,,,0.000000236000,   2.20000,
,,,0.000000240000,   2.20000,
,,,0.000000244000,   2.20000,
,,,0.000000248000,   2.24000,
,,,0.000000252000,   2.24000,
,,,0.000000256000,   2.24000,
,,,0.000000260000,   2.24000,
,,,0.000000264000,   2.24000,
,,,0.000000268000,   2.20000,
,,,0.000000272000,   2.24000,
,,,0.000000276000,   2.24000,
,,,0.000000280000,   2.24000,
,,,0.000000284000,   2.24000,
,,,0.000000288000,   2.24000,
,,,0.000000292000,   2.24000,
,,,0.000000296000,   2.24000,
,,,0.000000300000,   2.20000,
,,,0.000000304000,   2.20000,
,,,0.000000308000,   2.20000,
,,,0.000000312000,   2.20000,
,,,0.000000316000,   2.20000,
,,,0.000000320000,   2.20000,
,,,0.000000324000,   2.16000,
,,,0.000000328000,   2.12000,
,,,0.000000332000,   2.12000,
,,,0.000000336000,   2.12000,
,,,0.000000340000,   2.16000,
,,,0.000000344000,   2.12000,
,,,0.000000348000,   2.12000,
,,,0.000000352000,   2.08000,
,,,0.000000356000,   2.08000,
,,,0.000000360000,   2.12000,
,,,0.000000364000,   2.04000,
,,,0.000000368000,   2.00000,
,,,0.000000372000,   2.04000,
,,,0.000000376000,   2.04000,
,,,0.000000380000,   2.04000,
,,,0.000000384000,   2.00000,
,,,0.000000388000,   2.04000,
,,,0.000000392000,   2.00000,
,,,0.000000396000,   2.00000,
,,,0.000000400000,   2.00000,
,,,0.000000404000,   2.00000,
,,,0.000000408000,   2.00000,
,,,0.000000412000,   1.96000,
,,,0.000000416000,   2.00000,
,,,0.000000420000,   1.96000,
,,,0.000000424000,   1.96000,
,,,0.000000428000,   1.96000,
,,,0.000000432000,   1.96000,
,,,0.000000436000,   1.88000,
,,,0.000000440000,   1.92000,
,,,0.000000444000,   1.92000,
,,,0.000000448000,   1.92000,
,,,0.000000452000,   1.92000,
,,,0.000000456000,   1.88000,
,,,0.000000460000,   1.88000,
,,,0.000000464000,   1.92000,
,,,0.000000468000,   1.92000,
,,,0.000000472000,   1.92000,
,,,0.000000476000,   1.88000,
,,,0.000000480000,   1.88000,
,,,0.000000484000,   1.88000,
,,,0.000000488000,   1.88000,
,,,0.000000492000,   1.84000,
,,,0.000000496000,   1.88000,
,,,0.000000500000,   1.84000,
,,,0.000000504000,   1.84000,
,,,0.000000508000,   1.84000,
,,,0.000000512000,   1.88000,
,,,0.000000516000,   1.84000,
,,,0.000000520000,   1.88000,
,,,0.000000524000,   1.84000,
,,,0.000000528000,   1.84000,
,,,0.000000532000,   1.88000,
,,,0.000000536000,   1.88000,
,,,0.000000540000,   1.88000,
,,,0.000000544000,   1.88000,
,,,0.000000548000,   1.84000,
,,,0.000000552000,   1.84000,
,,,0.000000556000,   1.88000,
,,,0.000000560000,   1.84000,
,,,0.000000564000,   1.84000,
,,,0.000000568000,   1.84000,
,,,0.000000572000,   1.88000,
,,,0.000000576000,   1.88000,
,,,0.000000580000,   1.88000,
,,,0.000000584000,   1.88000,
,,,0.000000588000,   1.84000,
,,,0.000000592000,   1.88000,
,,,0.000000596000,   1.88000,
,,,0.000000600000,   1.88000,
,,,0.000000604000,   1.88000,
,,,0.000000608000,   1.88000,
,,,0.000000612000,   1.92000,
,,,0.000000616000,   1.88000,
,,,0.000000620000,   1.92000,
,,,0.000000624000,   1.88000,
,,,0.000000628000,   1.92000,
,,,0.000000632000,   1.88000,
,,,0.000000636000,   1.92000,
,,,0.000000640000,   1.92000,
,,,0.000000644000,   1.92000,
,,,0.000000648000,   1.92000,
,,,0.000000652000,   1.92000,
,,,0.000000656000,   1.92000,
,,,0.000000660000,   1.88000,
,,,0.000000664000,   1.96000,
,,,0.000000668000,   2.00000,
,,,0.000000672000,   1.96000,
,,,0.000000676000,   1.96000,
,,,0.000000680000,   1.96000,
,,,0.000000684000,   2.00000,
,,,0.000000688000,   1.96000,
,,,0.000000692000,   1.96000,
,,,0.000000696000,   1.92000,
,,,0.000000700000,   1.96000,
,,,0.000000704000,   2.04000,
,,,0.000000708000,   2.00000,
,,,0.000000712000,   2.00000,
,,,0.000000716000,   2.00000,
,,,0.000000720000,   2.00000,
,,,0.000000724000,   2.00000,
,,,0.000000728000,   1.96000,
,,,0.000000732000,   2.00000,
,,,0.000000736000,   2.04000,
,,,0.000000740000,   2.04000,
,,,0.000000744000,   2.00000,
,,,0.000000748000,   2.04000,
,,,0.000000752000,   2.04000,
,,,0.000000756000,   2.00000,
,,,0.000000760000,   2.00000,
,,,0.000000764000,   2.00000,
,,,0.000000768000,   2.00000,
,,,0.000000772000,   2.00000,
,,,0.000000776000,   2.08000,
,,,0.000000780000,   2.04000,
,,,0.000000784000,   2.00000,
,,,0.000000788000,   2.04000,
,,,0.000000792000,   2.00000,
,,,0.000000796000,   2.04000,
,,,0.000000800000,   2.04000,
,,,0.000000804000,   2.04000,
,,,0.000000808000,   2.08000,
,,,0.000000812000,   2.04000,
,,,0.000000816000,   2.04000,
,,,0.000000820000,   2.04000,
,,,0.000000824000,   2.00000,
,,,0.000000828000,   2.04000,
,,,0.000000832000,   2.00000,
,,,0.000000836000,   2.04000,
,,,0.000000840000,   2.00000,
,,,0.000000844000,   2.00000,
,,,0.000000848000,   2.04000,
,,,0.000000852000,   2.04000,
,,,0.000000856000,   2.00000,
,,,0.000000860000,   2.04000,
,,,0.000000864000,   2.00000,
,,,0.000000868000,   2.04000,
,,,0.000000872000,   2.00000,
,,,0.000000876000,   2.00000,
,,,0.000000880000,   2.00000,
,,,0.000000884000,   2.04000,
,,,0.000000888000,   2.00000,
,,,0.000000892000,   2.00000,
,,,0.000000896000,   2.00000,
,,,0.000000900000,   2.00000,
,,,0.000000904000,   2.00000,
,,,0.000000908000,   1.96000,
,,,0.000000912000,   2.00000,
,,,0.000000916000,   2.00000,
,,,0.000000920000,   1.96000,
,,,0.000000924000,   2.00000,
,,,0.000000928000,   2.04000,
,,,0.000000932000,   2.00000,
,,,0.000000936000,   2.00000,
,,,0.000000940000,   2.04000,
,,,0.000000944000,   2.00000,
,,,0.000000948000,   1.96000,
,,,0.000000952000,   2.00000,
,,,0.000000956000,   1.96000,
,,,0.000000960000,   2.00000,
,,,0.000000964000,   1.92000,
,,,0.000000968000,   2.00000,
,,,0.000000972000,   1.96000,
,,,0.000000976000,   2.00000,
,,,0.000000980000,   1.96000,
,,,0.000000984000,   2.00000,
,,,0.000000988000,   2.00000,
,,,0.000000992000,   2.00000,
,,,0.000000996000,   1.96000,
,,,0.000001000000,   2.00000,
,,,0.000001004000,   1.96000,
,,,0.000001008000,   1.96000,
,,,0.000001012000,   1.96000,
,,,0.000001016000,   1.96000,
,,,0.000001020000,   1.96000,
,,,0.000001024000,   1.96000,
,,,0.000001028000,   1.96000,
,,,0.000001032000,   1.96000,
,,,0.000001036000,   1.96000,
,,,0.000001040000,   2.00000,
,,,0.000001044000,   1.96000,
,,,0.000001048000,   1.96000,
,,,0.000001052000,   1.96000,
,,,0.000001056000,   1.96000,
,,,0.000001060000,   1.96000,
,,,0.000001064000,   1.96000,
,,,0.000001068000,   1.96000,
,,,0.000001072000,   1.92000,
,,,0.000001076000,   1.96000,
,,,0.000001080000,   1.96000,
,,,0.000001084000,   1.96000,
,,,0.000001088000,   1.96000,
,,,0.000001092000,   1.92000,
,,,0.000001096000,   1.96000,
,,,0.000001100000,   2.00000,
,,,0.000001104000,   2.00000,
,,,0.000001108000,   2.00000,
,,,0.000001112000,   1.96000,
,,,0.000001116000,   1.96000,
,,,0.000001120000,   2.00000,
,,,0.000001124000,   2.00000,
,,,0.000001128000,   1.96000,
,,,0.000001132000,   1.96000,
,,,0.000001136000,   2.00000,
,,,0.000001140000,   2.00000,
,,,0.000001144000,   2.00000,
,,,0.000001148000,   2.00000,
,,,0.000001152000,   2.00000,
,,,0.000001156000,   1.96000,
,,,0.000001160000,   1.96000,
,,,0.000001164000,   1.96000,
,,,0.000001168000,   1.96000,
,,,0.000001172000,   2.00000,
,,,0.000001176000,   1.96000,
,,,0.000001180000,   2.00000,
,,,0.000001184000,   2.00000,
,,,0.000001188000,   1.96000,
,,,0.000001192000,   2.00000,
,,,0.000001196000,   2.04000,
,,,0.000001200000,   2.00000,
,,,0.000001204000,   2.00000,
,,,0.000001208000,   2.00000,
,,,0.000001212000,   2.00000,
,,,0.000001216000,   2.00000,
,,,0.000001220000,   2.00000,
,,,0.000001224000,   2.00000,
,,,0.000001228000,   2.04000,
,,,0.000001232000,   2.00000,
,,,0.000001236000,   2.00000,
,,,0.000001240000,   2.00000,
,,,0.000001244000,   2.00000,
,,,0.000001248000,   2.08000,
,,,0.000001252000,   2.04000,
,,,0.000001256000,   2.04000,
,,,0.000001260000,   2.04000,
,,,0.000001264000,   2.04000,
,,,0.000001268000,   2.00000,
,,,0.000001272000,   2.00000,
,,,0.000001276000,   2.00000,
,,,0.000001280000,   2.00000,
,,,0.000001284000,   2.00000,
,,,0.000001288000,   2.00000,
,,,0.000001292000,   2.00000,
,,,0.000001296000,   2.04000,
,,,0.000001300000,   2.00000,
,,,0.000001304000,   2.04000,
,,,0.000001308000,   2.04000,
,,,0.000001312000,   2.00000,
,,,0.000001316000,   2.00000,
,,,0.000001320000,   2.04000,
,,,0.000001324000,   2.08000,
,,,0.000001328000,   2.08000,
,,,0.000001332000,   2.00000,
,,,0.000001336000,   2.04000,
,,,0.000001340000,   2.04000,
,,,0.000001344000,   2.00000,
,,,0.000001348000,   2.04000,
,,,0.000001352000,   2.04000,
,,,0.000001356000,   2.00000,
,,,0.000001360000,   2.00000,
,,,0.000001364000,   2.00000,
,,,0.000001368000,   2.00000,
,,,0.000001372000,   2.04000,
,,,0.000001376000,   1.96000,
,,,0.000001380000,   2.04000,
,,,0.000001384000,   2.04000,
,,,0.000001388000,   2.04000,
,,,0.000001392000,   2.04000,
,,,0.000001396000,   2.04000,
,,,0.000001400000,   2.04000,
,,,0.000001404000,   2.00000,
,,,0.000001408000,   2.04000,
,,,0.000001412000,   2.00000,
,,,0.000001416000,   2.04000,
,,,0.000001420000,   2.04000,
,,,0.000001424000,   2.00000,
,,,0.000001428000,   2.04000,
,,,0.000001432000,   2.04000,
,,,0.000001436000,   2.04000,
,,,0.000001440000,   2.04000,
,,,0.000001444000,   2.04000,
,,,0.000001448000,   2.00000,
,,,0.000001452000,   2.00000,
,,,0.000001456000,   2.00000,
,,,0.000001460000,   2.04000,
,,,0.000001464000,   2.00000,
,,,0.000001468000,   2.08000,
,,,0.000001472000,   2.04000,
,,,0.000001476000,   1.96000,
,,,0.000001480000,   2.00000,
,,,0.000001484000,   2.00000,
,,,0.000001488000,   2.00000,
,,,0.000001492000,   2.00000,
,,,0.000001496000,   2.08000,
,,,0.000001500000,   2.00000,
,,,0.000001504000,   2.00000,
,,,0.000001508000,   2.00000,
,,,0.000001512000,   2.04000,
,,,0.000001516000,   2.08000,
,,,0.000001520000,   2.04000,
,,,0.000001524000,   2.00000,
,,,0.000001528000,   2.04000,
,,,0.000001532000,   2.04000,
,,,0.000001536000,   2.08000,
,,,0.000001540000,   2.04000,
,,,0.000001544000,   2.04000,
,,,0.000001548000,   2.04000,
,,,0.000001552000,   2.00000,
,,,0.000001556000,   2.00000,
,,,0.000001560000,   2.04000,
,,,0.000001564000,   2.00000,
,,,0.000001568000,   2.04000,
,,,0.000001572000,   2.00000,
,,,0.000001576000,   2.04000,
,,,0.000001580000,   2.00000,
,,,0.000001584000,   2.00000,
,,,0.000001588000,   2.00000,
,,,0.000001592000,   2.00000,
,,,0.000001596000,   2.00000,
,,,0.000001600000,   2.04000,
,,,0.000001604000,   2.04000,
,,,0.000001608000,   1.96000,
,,,0.000001612000,   2.00000,
,,,0.000001616000,   2.00000,
,,,0.000001620000,   1.96000,
,,,0.000001624000,   2.00000,
,,,0.000001628000,   2.00000,
,,,0.000001632000,   2.00000,
,,,0.000001636000,   2.00000,
,,,0.000001640000,   2.00000,
,,,0.000001644000,   2.00000,
,,,0.000001648000,   2.00000,
,,,0.000001652000,   2.00000,
,,,0.000001656000,   2.04000,
,,,0.000001660000,   2.00000,
,,,0.000001664000,   2.00000,
,,,0.000001668000,   2.04000,
,,,0.000001672000,   2.04000,
,,,0.000001676000,   2.00000,
,,,0.000001680000,   2.04000,
,,,0.000001684000,   2.04000,
,,,0.000001688000,   1.96000,
,,,0.000001692000,   2.00000,
,,,0.000001696000,   2.00000,
,,,0.000001700000,   2.04000,
,,,0.000001704000,   2.00000,
,,,0.000001708000,   2.00000,
,,,0.000001712000,   2.00000,
,,,0.000001716000,   2.00000,
,,,0.000001720000,   2.00000,
,,,0.000001724000,   2.00000,
,,,0.000001728000,   2.00000,
,,,0.000001732000,   2.00000,
,,,0.000001736000,   2.00000,
,,,0.000001740000,   2.00000,
,,,0.000001744000,   2.04000,
,,,0.000001748000,   2.04000,
,,,0.000001752000,   2.00000,
,,,0.000001756000,   2.00000,
,,,0.000001760000,   2.00000,
,,,0.000001764000,   2.00000,
,,,0.000001768000,   2.04000,
,,,0.000001772000,   2.00000,
,,,0.000001776000,   2.00000,
,,,0.000001780000,   2.00000,
,,,0.000001784000,   2.00000,
,,,0.000001788000,   2.00000,
,,,0.000001792000,   2.04000,
,,,0.000001796000,   2.04000,
,,,0.000001800000,   2.00000,
,,,0.000001804000,   2.00000,
,,,0.000001808000,   2.04000,
,,,0.000001812000,   2.00000,
,,,0.000001816000,   2.04000,
,,,0.000001820000,   2.04000,
,,,0.000001824000,   2.00000,
,,,0.000001828000,   2.00000,
,,,0.000001832000,   2.04000,
,,,0.000001836000,   2.00000,
,,,0.000001840000,   2.00000,
,,,0.000001844000,   2.00000,
,,,0.000001848000,   2.04000,
,,,0.000001852000,   2.04000,
,,,0.000001856000,   2.04000,
,,,0.000001860000,   2.00000,
,,,0.000001864000,   2.04000,
,,,0.000001868000,   2.00000,
,,,0.000001872000,   2.04000,
,,,0.000001876000,   2.00000,
,,,0.000001880000,   2.00000,
,,,0.000001884000,   2.00000,
,,,0.000001888000,   2.00000,
,,,0.000001892000,   2.04000,
,,,0.000001896000,   2.08000,
,,,0.000001900000,   2.04000,
,,,0.000001904000,   2.04000,
,,,0.000001908000,   2.00000,
,,,0.000001912000,   2.00000,
,,,0.000001916000,   2.00000,
,,,0.000001920000,   2.04000,
,,,0.000001924000,   2.04000,
,,,0.000001928000,   2.04000,
,,,0.000001932000,   2.04000,
,,,0.000001936000,   2.04000,
,,,0.000001940000,   2.00000,
,,,0.000001944000,   2.04000,
,,,0.000001948000,   2.04000,
,,,0.000001952000,   2.00000,
,,,0.000001956000,   2.00000,
,,,0.000001960000,   2.00000,
,,,0.000001964000,   2.00000,
,,,0.000001968000,   2.04000,
,,,0.000001972000,   2.08000,
,,,0.000001976000,   2.04000,
,,,0.000001980000,   2.00000,
,,,0.000001984000,   2.04000,
,,,0.000001988000,   2.04000,
,,,0.000001992000,   2.04000,
,,,0.000001996000,   2.04000,
,,,0.000002000000,   2.08000,
,,,0.000002004000,   2.04000,
,,,0.000002008000,   2.04000,
,,,0.000002012000,   2.04000,
,,,0.000002016000,   2.00000,
,,,0.000002020000,   2.04000,
,,,0.000002024000,   2.04000,
,,,0.000002028000,   2.00000,
,,,0.000002032000,   2.04000,
,,,0.000002036000,   2.04000,
,,,0.000002040000,   2.04000,
,,,0.000002044000,   2.00000,
,,,0.000002048000,   2.04000,
,,,0.000002052000,   2.04000,
,,,0.000002056000,   2.04000,
,,,0.000002060000,   2.00000,
,,,0.000002064000,   2.00000,
,,,0.000002068000,   2.04000,
,,,0.000002072000,   2.00000,
,,,0.000002076000,   2.04000,
,,,0.000002080000,   2.08000,
,,,0.000002084000,   2.00000,
,,,0.000002088000,   2.04000,
,,,0.000002092000,   2.00000,
,,,0.000002096000,   2.08000,
,,,0.000002100000,   2.04000,
,,,0.000002104000,   2.08000,
,,,0.000002108000,   2.00000,
,,,0.000002112000,   2.00000,
,,,0.000002116000,   2.00000,
,,,0.000002120000,   2.08000,
,,,0.000002124000,   2.04000,
,,,0.000002128000,   2.08000,
,,,0.000002132000,   2.00000,
,,,0.000002136000,   2.04000,
,,,0.000002140000,   2.08000,
,,,0.000002144000,   2.04000,
,,,0.000002148000,   2.04000,
,,,0.000002152000,   2.04000,
,,,0.000002156000,   2.04000,
,,,0.000002160000,   2.04000,
,,,0.000002164000,   2.04000,
,,,0.000002168000,   2.00000,
,,,0.000002172000,   2.00000,
,,,0.000002176000,   2.08000,
,,,0.000002180000,   2.04000,
,,,0.000002184000,   2.04000,
,,,0.000002188000,   2.04000,
,,,0.000002192000,   2.04000,
,,,0.000002196000,   2.04000,
,,,0.000002200000,   2.04000,
,,,0.000002204000,   2.04000,
,,,0.000002208000,   2.08000,
,,,0.000002212000,   2.04000,
,,,0.000002216000,   2.04000,
,,,0.000002220000,   2.04000,
,,,0.000002224000,   2.04000,
,,,0.000002228000,   2.08000,
,,,0.000002232000,   2.04000,
,,,0.000002236000,   2.04000,
,,,0.000002240000,   2.04000,
,,,0.000002244000,   2.00000,
,,,0.000002248000,   2.04000,
,,,0.000002252000,   2.08000,
,,,0.000002256000,   2.04000,
,,,0.000002260000,   2.08000,
,,,0.000002264000,   2.04000,
,,,0.000002268000,   2.00000,
,,,0.000002272000,   2.00000,
,,,0.000002276000,   2.00000,
,,,0.000002280000,   2.00000,
,,,0.000002284000,   2.04000,
,,,0.000002288000,   2.08000,
,,,0.000002292000,   2.04000,
,,,0.000002296000,   2.08000,
,,,0.000002300000,   2.04000,
,,,0.000002304000,   2.04000,
,,,0.000002308000,   2.04000,
,,,0.000002312000,   2.00000,
,,,0.000002316000,   2.08000,
,,,0.000002320000,   2.04000,
,,,0.000002324000,   2.08000,
,,,0.000002328000,   2.08000,
,,,0.000002332000,   2.04000,
,,,0.000002336000,   2.08000,
,,,0.000002340000,   2.08000,
,,,0.000002344000,   2.04000,
,,,0.000002348000,   2.08000,
,,,0.000002352000,   2.04000,
,,,0.000002356000,   2.08000,
,,,0.000002360000,   2.08000,
,,,0.000002364000,   2.04000,
,,,0.000002368000,   2.04000,
,,,0.000002372000,   2.08000,
,,,0.000002376000,   2.08000,
,,,0.000002380000,   2.08000,
,,,0.000002384000,   2.08000,
,,,0.000002388000,   2.08000,
,,,0.000002392000,   2.04000,
,,,0.000002396000,   2.08000,
,,,0.000002400000,   2.08000,
,,,0.000002404000,   2.04000,
,,,0.000002408000,   2.04000,
,,,0.000002412000,   2.08000,
,,,0.000002416000,   2.04000,
,,,0.000002420000,   2.04000,
,,,0.000002424000,   2.04000,
,,,0.000002428000,   2.08000,
,,,0.000002432000,   2.08000,
,,,0.000002436000,   2.12000,
,,,0.000002440000,   2.08000,
,,,0.000002444000,   2.08000,
,,,0.000002448000,   2.08000,
,,,0.000002452000,   2.00000,
,,,0.000002456000,   2.08000,
,,,0.000002460000,   2.08000,
,,,0.000002464000,   2.08000,
,,,0.000002468000,   2.08000,
,,,0.000002472000,   2.08000,
,,,0.000002476000,   2.12000,
,,,0.000002480000,   2.04000,
,,,0.000002484000,   2.12000,
,,,0.000002488000,   2.12000,
,,,0.000002492000,   2.08000,
,,,0.000002496000,   2.08000,
,,,0.000002500000,   2.08000,
,,,0.000002504000,   2.08000,
,,,0.000002508000,   2.08000,
,,,0.000002512000,   2.04000,
,,,0.000002516000,   2.08000,
,,,0.000002520000,   2.04000,
,,,0.000002524000,   2.08000,
,,,0.000002528000,   2.12000,
,,,0.000002532000,   2.12000,
,,,0.000002536000,   2.08000,
,,,0.000002540000,   2.04000,
,,,0.000002544000,   2.08000,
,,,0.000002548000,   2.08000,
,,,0.000002552000,   2.12000,
,,,0.000002556000,   2.04000,
,,,0.000002560000,   2.08000,
,,,0.000002564000,   2.08000,
,,,0.000002568000,   2.12000,
,,,0.000002572000,   2.12000,
,,,0.000002576000,   2.12000,
,,,0.000002580000,   2.08000,
,,,0.000002584000,   2.08000,
,,,0.000002588000,   2.12000,
,,,0.000002592000,   2.04000,
,,,0.000002596000,   2.08000,
,,,0.000002600000,   2.08000,
,,,0.000002604000,   2.04000,
,,,0.000002608000,   2.04000,
,,,0.000002612000,   2.08000,
,,,0.000002616000,   2.08000,
,,,0.000002620000,   2.08000,
,,,0.000002624000,   2.12000,
,,,0.000002628000,   2.12000,
,,,0.000002632000,   2.08000,
,,,0.000002636000,   2.08000,
,,,0.000002640000,   2.08000,
,,,0.000002644000,   2.08000,
,,,0.000002648000,   2.12000,
,,,0.000002652000,   2.04000,
,,,0.000002656000,   2.08000,
,,,0.000002660000,   2.08000,
,,,0.000002664000,   2.08000,
,,,0.000002668000,   2.08000,
,,,0.000002672000,   2.08000,
,,,0.000002676000,   2.04000,
,,,0.000002680000,   2.08000,
,,,0.000002684000,   2.08000,
,,,0.000002688000,   2.08000,
,,,0.000002692000,   2.08000,
,,,0.000002696000,   2.08000,
,,,0.000002700000,   2.04000,
,,,0.000002704000,   2.08000,
,,,0.000002708000,   2.00000,
,,,0.000002712000,   2.04000,
,,,0.000002716000,   2.08000,
,,,0.000002720000,   2.12000,
,,,0.000002724000,   2.08000,
,,,0.000002728000,   2.04000,
,,,0.000002732000,   2.08000,
,,,0.000002736000,   2.04000,
,,,0.000002740000,   2.00000,
,,,0.000002744000,   2.08000,
,,,0.000002748000,   2.04000,
,,,0.000002752000,   2.04000,
,,,0.000002756000,   2.08000,
,,,0.000002760000,   2.04000,
,,,0.000002764000,   2.04000,
,,,0.000002768000,   2.04000,
,,,0.000002772000,   2.08000,
,,,0.000002776000,   2.08000,
,,,0.000002780000,   2.08000,
,,,0.000002784000,   2.08000,
,,,0.000002788000,   2.04000,
,,,0.000002792000,   2.04000,
,,,0.000002796000,   2.08000,
,,,0.000002800000,   2.04000,
,,,0.000002804000,   2.08000,
,,,0.000002808000,   2.04000,
,,,0.000002812000,   2.08000,
,,,0.000002816000,   2.04000,
,,,0.000002820000,   2.00000,
,,,0.000002824000,   2.08000,
,,,0.000002828000,   2.08000,
,,,0.000002832000,   2.04000,
,,,0.000002836000,   2.04000,
,,,0.000002840000,   2.04000,
,,,0.000002844000,   2.04000,
,,,0.000002848000,   2.08000,
,,,0.000002852000,   2.04000,
,,,0.000002856000,   2.08000,
,,,0.000002860000,   2.12000,
,,,0.000002864000,   2.04000,
,,,0.000002868000,   2.04000,
,,,0.000002872000,   2.08000,
,,,0.000002876000,   2.04000,
,,,0.000002880000,   2.08000,
,,,0.000002884000,   2.04000,
,,,0.000002888000,   2.04000,
,,,0.000002892000,   2.08000,
,,,0.000002896000,   2.04000,
,,,0.000002900000,   2.08000,
,,,0.000002904000,   2.04000,
,,,0.000002908000,   2.04000,
,,,0.000002912000,   2.04000,
,,,0.000002916000,   2.04000,
,,,0.000002920000,   2.08000,
,,,0.000002924000,   2.08000,
,,,0.000002928000,   2.04000,
,,,0.000002932000,   2.08000,
,,,0.000002936000,   2.00000,
,,,0.000002940000,   2.04000,
,,,0.000002944000,   2.04000,
,,,0.000002948000,   2.04000,
,,,0.000002952000,   2.04000,
,,,0.000002956000,   2.08000,
,,,0.000002960000,   2.04000,
,,,0.000002964000,   2.04000,
,,,0.000002968000,   2.04000,
,,,0.000002972000,   2.12000,
,,,0.000002976000,   2.04000,
,,,0.000002980000,   2.04000,
,,,0.000002984000,   2.08000,
,,,0.000002988000,   2.08000,
,,,0.000002992000,   2.04000,
,,,0.000002996000,   2.04000,
,,,0.000003000000,   2.08000,
,,,0.000003004000,   2.04000,
,,,0.000003008000,   2.04000,
,,,0.000003012000,   2.12000,
,,,0.000003016000,   2.04000,
,,,0.000003020000,   2.12000,
,,,0.000003024000,   2.08000,
,,,0.000003028000,   2.04000,
,,,0.000003032000,   2.04000,
,,,0.000003036000,   2.04000,
,,,0.000003040000,   2.08000,
,,,0.000003044000,   2.08000,
,,,0.000003048000,   2.08000,
,,,0.000003052000,   2.12000,
,,,0.000003056000,   2.04000,
,,,0.000003060000,   2.08000,
,,,0.000003064000,   2.08000,
,,,0.000003068000,   2.08000,
,,,0.000003072000,   2.08000,
,,,0.000003076000,   2.08000,
,,,0.000003080000,   2.08000,
,,,0.000003084000,   2.08000,
,,,0.000003088000,   2.12000,
,,,0.000003092000,   2.08000,
,,,0.000003096000,   2.08000,
,,,0.000003100000,   2.04000,
,,,0.000003104000,   2.08000,
,,,0.000003108000,   2.08000,
,,,0.000003112000,   2.12000,
,,,0.000003116000,   2.08000,
,,,0.000003120000,   2.08000,
,,,0.000003124000,   2.08000,
,,,0.000003128000,   2.12000,
,,,0.000003132000,   2.12000,
,,,0.000003136000,   2.04000,
,,,0.000003140000,   2.08000,
,,,0.000003144000,   2.08000,
,,,0.000003148000,   2.08000,
,,,0.000003152000,   2.16000,
,,,0.000003156000,   2.08000,
,,,0.000003160000,   2.12000,
,,,0.000003164000,   2.12000,
,,,0.000003168000,   2.08000,
,,,0.000003172000,   2.12000,
,,,0.000003176000,   2.12000,
,,,0.000003180000,   2.12000,
,,,0.000003184000,   2.12000,
,,,0.000003188000,   2.08000,
,,,0.000003192000,   2.12000,
,,,0.000003196000,   2.08000,
,,,0.000003200000,   2.08000,
,,,0.000003204000,   2.12000,
,,,0.000003208000,   2.12000,
,,,0.000003212000,   2.08000,
,,,0.000003216000,   2.12000,
,,,0.000003220000,   2.08000,
,,,0.000003224000,   2.12000,
,,,0.000003228000,   2.08000,
,,,0.000003232000,   2.12000,
,,,0.000003236000,   2.16000,
,,,0.000003240000,   2.08000,
,,,0.000003244000,   2.08000,
,,,0.000003248000,   2.08000,
,,,0.000003252000,   2.08000,
,,,0.000003256000,   2.12000,
,,,0.000003260000,   2.12000,
,,,0.000003264000,   2.12000,
,,,0.000003268000,   2.12000,
,,,0.000003272000,   2.04000,
,,,0.000003276000,   2.12000,
,,,0.000003280000,   2.08000,
,,,0.000003284000,   2.08000,
,,,0.000003288000,   2.08000,
,,,0.000003292000,   2.12000,
,,,0.000003296000,   2.08000,
,,,0.000003300000,   2.08000,
,,,0.000003304000,   2.08000,
,,,0.000003308000,   2.12000,
,,,0.000003312000,   2.12000,
,,,0.000003316000,   2.12000,
,,,0.000003320000,   2.08000,
,,,0.000003324000,   2.12000,
,,,0.000003328000,   2.08000,
,,,0.000003332000,   2.12000,
,,,0.000003336000,   2.08000,
,,,0.000003340000,   2.04000,
,,,0.000003344000,   2.08000,
,,,0.000003348000,   2.04000,
,,,0.000003352000,   2.12000,
,,,0.000003356000,   2.04000,
,,,0.000003360000,   2.08000,
,,,0.000003364000,   2.08000,
,,,0.000003368000,   2.08000,
,,,0.000003372000,   2.04000,
,,,0.000003376000,   2.08000,
,,,0.000003380000,   2.08000,
,,,0.000003384000,   2.08000,
,,,0.000003388000,   2.08000,
,,,0.000003392000,   2.04000,
,,,0.000003396000,   2.08000,
,,,0.000003400000,   2.12000,
,,,0.000003404000,   2.08000,
,,,0.000003408000,   2.08000,
,,,0.000003412000,   2.08000,
,,,0.000003416000,   2.08000,
,,,0.000003420000,   2.12000,
,,,0.000003424000,   2.12000,
,,,0.000003428000,   2.08000,
,,,0.000003432000,   2.08000,
,,,0.000003436000,   2.12000,
,,,0.000003440000,   2.12000,
,,,0.000003444000,   2.04000,
,,,0.000003448000,   2.08000,
,,,0.000003452000,   2.04000,
,,,0.000003456000,   2.08000,
,,,0.000003460000,   2.08000,
,,,0.000003464000,   2.08000,
,,,0.000003468000,   2.08000,
,,,0.000003472000,   2.08000,
,,,0.000003476000,   2.12000,
,,,0.000003480000,   2.12000,
,,,0.000003484000,   2.08000,
,,,0.000003488000,   2.08000,
,,,0.000003492000,   2.12000,
,,,0.000003496000,   2.08000,
,,,0.000003500000,   2.04000,
,,,0.000003504000,   2.04000,
,,,0.000003508000,   2.08000,
,,,0.000003512000,   2.12000,
,,,0.000003516000,   2.12000,
,,,0.000003520000,   2.04000,
,,,0.000003524000,   2.12000,
,,,0.000003528000,   2.12000,
,,,0.000003532000,   2.08000,
,,,0.000003536000,   2.08000,
,,,0.000003540000,   2.08000,
,,,0.000003544000,   2.12000,
,,,0.000003548000,   2.12000,
,,,0.000003552000,   2.08000,
,,,0.000003556000,   2.08000,
,,,0.000003560000,   2.12000,
,,,0.000003564000,   2.08000,
,,,0.000003568000,   2.08000,
,,,0.000003572000,   2.16000,
,,,0.000003576000,   2.08000,
,,,0.000003580000,   2.12000,
,,,0.000003584000,   2.08000,
,,,0.000003588000,   2.12000,
,,,0.000003592000,   2.08000,
,,,0.000003596000,   2.12000,
,,,0.000003600000,   2.12000,
,,,0.000003604000,   2.12000,
,,,0.000003608000,   2.08000,
,,,0.000003612000,   2.08000,
,,,0.000003616000,   2.08000,
,,,0.000003620000,   2.08000,
,,,0.000003624000,   2.12000,
,,,0.000003628000,   2.12000,
,,,0.000003632000,   2.12000,
,,,0.000003636000,   2.12000,
,,,0.000003640000,   2.12000,
,,,0.000003644000,   2.12000,
,,,0.000003648000,   2.12000,
,,,0.000003652000,   2.12000,
,,,0.000003656000,   2.16000,
,,,0.000003660000,   2.12000,
,,,0.000003664000,   2.16000,
,,,0.000003668000,   2.08000,
,,,0.000003672000,   2.12000,
,,,0.000003676000,   2.12000,
,,,0.000003680000,   2.12000,
,,,0.000003684000,   2.12000,
,,,0.000003688000,   2.12000,
,,,0.000003692000,   2.12000,
,,,0.000003696000,   2.08000,
,,,0.000003700000,   2.12000,
,,,0.000003704000,   2.12000,
,,,0.000003708000,   2.12000,
,,,0.000003712000,   2.12000,
,,,0.000003716000,   2.12000,
,,,0.000003720000,   2.12000,
,,,0.000003724000,   2.12000,
,,,0.000003728000,   2.12000,
,,,0.000003732000,   2.08000,
,,,0.000003736000,   2.16000,
,,,0.000003740000,   2.12000,
,,,0.000003744000,   2.16000,
,,,0.000003748000,   2.12000,
,,,0.000003752000,   2.12000,
,,,0.000003756000,   2.12000,
,,,0.000003760000,   2.12000,
,,,0.000003764000,   2.16000,
,,,0.000003768000,   2.12000,
,,,0.000003772000,   2.08000,
,,,0.000003776000,   2.16000,
,,,0.000003780000,   2.16000,
,,,0.000003784000,   2.12000,
,,,0.000003788000,   2.08000,
,,,0.000003792000,   2.16000,
,,,0.000003796000,   2.12000,
,,,0.000003800000,   2.08000,
,,,0.000003804000,   2.12000,
,,,0.000003808000,   2.16000,
,,,0.000003812000,   2.16000,
,,,0.000003816000,   2.12000,
,,,0.000003820000,   2.12000,
,,,0.000003824000,   2.16000,
,,,0.000003828000,   2.12000,
,,,0.000003832000,   2.12000,
,,,0.000003836000,   2.16000,
,,,0.000003840000,   2.08000,
,,,0.000003844000,   2.16000,
,,,0.000003848000,   2.08000,
,,,0.000003852000,   2.12000,
,,,0.000003856000,   2.12000,
,,,0.000003860000,   2.08000,
,,,0.000003864000,   2.16000,
,,,0.000003868000,   2.16000,
,,,0.000003872000,   2.12000,
,,,0.000003876000,   2.12000,
,,,0.000003880000,   2.12000,
,,,0.000003884000,   2.08000,
,,,0.000003888000,   2.12000,
,,,0.000003892000,   2.16000,
,,,0.000003896000,   2.12000,
,,,0.000003900000,   2.08000,
,,,0.000003904000,   2.16000,
,,,0.000003908000,   2.12000,
,,,0.000003912000,   2.16000,
,,,0.000003916000,   2.12000,
,,,0.000003920000,   2.16000,
,,,0.000003924000,   2.12000,
,,,0.000003928000,   2.08000,
,,,0.000003932000,   2.16000,
,,,0.000003936000,   2.08000,
,,,0.000003940000,   2.16000,
,,,0.000003944000,   2.12000,
,,,0.000003948000,   2.12000,
,,,0.000003952000,   2.08000,
,,,0.000003956000,   2.12000,
,,,0.000003960000,   2.12000,
,,,0.000003964000,   2.12000,
,,,0.000003968000,   2.12000,
,,,0.000003972000,   2.16000,
,,,0.000003976000,   2.12000,
,,,0.000003980000,   2.12000,
,,,0.000003984000,   2.12000,
,,,0.000003988000,   2.12000,
,,,0.000003992000,   2.12000,
,,,0.000003996000,   2.12000,
,,,0.000004000000,   2.08000,
,,,0.000004004000,   2.12000,
,,,0.000004008000,   2.12000,
,,,0.000004012000,   2.12000,
,,,0.000004016000,   2.12000,
,,,0.000004020000,   2.12000,
,,,0.000004024000,   2.12000,
,,,0.000004028000,   2.12000,
,,,0.000004032000,   2.08000,
,,,0.000004036000,   2.08000,
,,,0.000004040000,   2.12000,
,,,0.000004044000,   2.12000,
,,,0.000004048000,   2.16000,
,,,0.000004052000,   2.12000,
,,,0.000004056000,   2.08000,
,,,0.000004060000,   2.16000,
,,,0.000004064000,   2.08000,
,,,0.000004068000,   2.12000,
,,,0.000004072000,   2.12000,
,,,0.000004076000,   2.12000,
,,,0.000004080000,   2.12000,
,,,0.000004084000,   2.08000,
,,,0.000004088000,   2.12000,
,,,0.000004092000,   2.12000,
,,,0.000004096000,   2.12000,
,,,0.000004100000,   2.16000,
,,,0.000004104000,   2.12000,
,,,0.000004108000,   2.12000,
,,,0.000004112000,   2.12000,
,,,0.000004116000,   2.12000,
,,,0.000004120000,   2.08000,
,,,0.000004124000,   2.08000,
,,,0.000004128000,   2.16000,
,,,0.000004132000,   2.12000,
,,,0.000004136000,   2.12000,
,,,0.000004140000,   2.08000,
,,,0.000004144000,   2.12000,
,,,0.000004148000,   2.08000,
,,,0.000004152000,   2.12000,
,,,0.000004156000,   2.12000,
,,,0.000004160000,   2.08000,
,,,0.000004164000,   2.12000,
,,,0.000004168000,   2.12000,
,,,0.000004172000,   2.16000,
,,,0.000004176000,   2.16000,
,,,0.000004180000,   2.12000,
,,,0.000004184000,   2.08000,
,,,0.000004188000,   2.12000,
,,,0.000004192000,   2.12000,
,,,0.000004196000,   2.12000,
,,,0.000004200000,   2.12000,
,,,0.000004204000,   2.08000,
,,,0.000004208000,   2.16000,
,,,0.000004212000,   2.12000,
,,,0.000004216000,   2.16000,
,,,0.000004220000,   2.12000,
,,,0.000004224000,   2.12000,
,,,0.000004228000,   2.16000,
,,,0.000004232000,   2.16000,
,,,0.000004236000,   2.12000,
,,,0.000004240000,   2.16000,
,,,0.000004244000,   2.12000,
,,,0.000004248000,   2.12000,
,,,0.000004252000,   2.20000,
,,,0.000004256000,   2.12000,
,,,0.000004260000,   2.16000,
,,,0.000004264000,   2.12000,
,,,0.000004268000,   2.16000,
,,,0.000004272000,   2.12000,
,,,0.000004276000,   2.16000,
,,,0.000004280000,   2.08000,
,,,0.000004284000,   2.12000,
,,,0.000004288000,   2.16000,
,,,0.000004292000,   2.12000,
,,,0.000004296000,   2.12000,
,,,0.000004300000,   2.12000,
,,,0.000004304000,   2.12000,
,,,0.000004308000,   2.12000,
,,,0.000004312000,   2.12000,
,,,0.000004316000,   2.16000,
,,,0.000004320000,   2.08000,
,,,0.000004324000,   2.16000,
,,,0.000004328000,   2.12000,
,,,0.000004332000,   2.12000,
,,,0.000004336000,   2.12000,
,,,0.000004340000,   2.16000,
,,,0.000004344000,   2.12000,
,,,0.000004348000,   2.12000,
,,,0.000004352000,   2.16000,
,,,0.000004356000,   2.12000,
,,,0.000004360000,   2.12000,
,,,0.000004364000,   2.20000,
,,,0.000004368000,   2.16000,
,,,0.000004372000,   2.16000,
,,,0.000004376000,   2.16000,
,,,0.000004380000,   2.16000,
,,,0.000004384000,   2.16000,
,,,0.000004388000,   2.08000,
,,,0.000004392000,   2.16000,
,,,0.000004396000,   2.12000,
,,,0.000004400000,   2.16000,
,,,0.000004404000,   2.08000,
,,,0.000004408000,   2.16000,
,,,0.000004412000,   2.16000,
,,,0.000004416000,   2.12000,
,,,0.000004420000,   2.16000,
,,,0.000004424000,   2.20000,
,,,0.000004428000,   2.12000,
,,,0.000004432000,   2.12000,
,,,0.000004436000,   2.20000,
,,,0.000004440000,   2.16000,
,,,0.000004444000,   2.16000,
,,,0.000004448000,   2.16000,
,,,0.000004452000,   2.12000,
,,,0.000004456000,   2.20000,
,,,0.000004460000,   2.16000,
,,,0.000004464000,   2.16000,
,,,0.000004468000,   2.12000,
,,,0.000004472000,   2.12000,
,,,0.000004476000,   2.16000,
,,,0.000004480000,   2.12000,
,,,0.000004484000,   2.16000,
,,,0.000004488000,   2.12000,
,,,0.000004492000,   2.12000,
,,,0.000004496000,   2.20000,
,,,0.000004500000,   2.16000,
,,,0.000004504000,   2.16000,
,,,0.000004508000,   2.16000,
,,,0.000004512000,   2.12000,
,,,0.000004516000,   2.12000,
,,,0.000004520000,   2.12000,
,,,0.000004524000,   2.16000,
,,,0.000004528000,   2.16000,
,,,0.000004532000,   2.12000,
,,,0.000004536000,   2.12000,
,,,0.000004540000,   2.16000,
,,,0.000004544000,   2.16000,
,,,0.000004548000,   2.20000,
,,,0.000004552000,   2.20000,
,,,0.000004556000,   2.16000,
,,,0.000004560000,   2.16000,
,,,0.000004564000,   2.12000,
,,,0.000004568000,   2.20000,
,,,0.000004572000,   2.20000,
,,,0.000004576000,   2.16000,
,,,0.000004580000,   2.16000,
,,,0.000004584000,   2.20000,
,,,0.000004588000,   2.16000,
,,,0.000004592000,   2.12000,
,,,0.000004596000,   2.20000,
,,,0.000004600000,   2.20000,
,,,0.000004604000,   2.16000,
,,,0.000004608000,   2.12000,
,,,0.000004612000,   2.16000,
,,,0.000004616000,   2.16000,
,,,0.000004620000,   2.16000,
,,,0.000004624000,   2.12000,
,,,0.000004628000,   2.16000,
,,,0.000004632000,   2.20000,
,,,0.000004636000,   2.16000,
,,,0.000004640000,   2.16000,
,,,0.000004644000,   2.16000,
,,,0.000004648000,   2.20000,
,,,0.000004652000,   2.12000,
,,,0.000004656000,   2.16000,
,,,0.000004660000,   2.16000,
,,,0.000004664000,   2.16000,
,,,0.000004668000,   2.20000,
,,,0.000004672000,   2.16000,
,,,0.000004676000,   2.16000,
,,,0.000004680000,   2.16000,
,,,0.000004684000,   2.20000,
,,,0.000004688000,   2.12000,
,,,0.000004692000,   2.16000,
,,,0.000004696000,   2.16000,
,,,0.000004700000,   2.16000,
,,,0.000004704000,   2.20000,
,,,0.000004708000,   2.16000,
,,,0.000004712000,   2.20000,
,,,0.000004716000,   2.16000,
,,,0.000004720000,   2.08000,
,,,0.000004724000,   2.16000,
,,,0.000004728000,   2.16000,
,,,0.000004732000,   2.16000,
,,,0.000004736000,   2.20000,
,,,0.000004740000,   2.12000,
,,,0.000004744000,   2.16000,
,,,0.000004748000,   2.20000,
,,,0.000004752000,   2.16000,
,,,0.000004756000,   2.16000,
,,,0.000004760000,   2.16000,
,,,0.000004764000,   2.12000,
,,,0.000004768000,   2.20000,
,,,0.000004772000,   2.20000,
,,,0.000004776000,   2.16000,
,,,0.000004780000,   2.16000,
,,,0.000004784000,   2.16000,
,,,0.000004788000,   2.16000,
,,,0.000004792000,   2.16000,
,,,0.000004796000,   2.16000,
,,,0.000004800000,   2.16000,
,,,0.000004804000,   2.16000,
,,,0.000004808000,   2.16000,
,,,0.000004812000,   2.16000,
,,,0.000004816000,   2.16000,
,,,0.000004820000,   2.16000,
,,,0.000004824000,   2.12000,
,,,0.000004828000,   2.12000,
,,,0.000004832000,   2.16000,
,,,0.000004836000,   2.16000,
,,,0.000004840000,   2.20000,
,,,0.000004844000,   2.16000,
,,,0.000004848000,   2.20000,
,,,0.000004852000,   2.12000,
,,,0.000004856000,   2.12000,
,,,0.000004860000,   2.20000,
,,,0.000004864000,   2.20000,
,,,0.000004868000,   2.20000,
,,,0.000004872000,   2.16000,
,,,0.000004876000,   2.12000,
,,,0.000004880000,   2.20000,
,,,0.000004884000,   2.12000,
,,,0.000004888000,   2.20000,
,,,0.000004892000,   2.16000,
,,,0.000004896000,   2.20000,
,,,0.000004900000,   2.12000,
,,,0.000004904000,   2.16000,
,,,0.000004908000,   2.16000,
,,,0.000004912000,   2.24000,
,,,0.000004916000,   2.16000,
,,,0.000004920000,   2.16000,
,,,0.000004924000,   2.16000,
,,,0.000004928000,   2.16000,
,,,0.000004932000,   2.16000,
,,,0.000004936000,   2.20000,
,,,0.000004940000,   2.20000,
,,,0.000004944000,   2.16000,
,,,0.000004948000,   2.16000,
,,,0.000004952000,   2.20000,
,,,0.000004956000,   2.20000,
,,,0.000004960000,   2.12000,
,,,0.000004964000,   2.20000,
,,,0.000004968000,   2.20000,
,,,0.000004972000,   2.12000,
,,,0.000004976000,   1.96000,
,,,0.000004980000,   1.68000,
,,,0.000004984000,   1.52000,
,,,0.000004988000,   1.44000,
,,,0.000004992000,   1.32000,
,,,0.000004996000,   1.28000,
,,,0.000005000000,   1.36000,
,,,0.000005004000,   1.40000,
,,,0.000005008000,   1.56000,
,,,0.000005012000,   1.68000,
,,,0.000005016000,   1.64000,
,,,0.000005020000,   1.64000,
,,,0.000005024000,   1.68000,
,,,0.000005028000,   1.56000,
,,,0.000005032000,   1.60000,
,,,0.000005036000,   1.48000,
,,,0.000005040000,   1.44000,
,,,0.000005044000,   1.36000,
,,,0.000005048000,   1.28000,
,,,0.000005052000,   1.28000,
,,,0.000005056000,   1.24000,
,,,0.000005060000,   1.16000,
,,,0.000005064000,   1.08000,
,,,0.000005068000,   1.08000,
,,,0.000005072000,   0.96000,
,,,0.000005076000,   0.92000,
,,,0.000005080000,   0.92000,
,,,0.000005084000,   0.84000,
,,,0.000005088000,   0.80000,
,,,0.000005092000,   0.76000,
,,,0.000005096000,   0.72000,
,,,0.000005100000,   0.64000,
,,,0.000005104000,   0.60000,
,,,0.000005108000,   0.56000,
,,,0.000005112000,   0.52000,
,,,0.000005116000,   0.52000,
,,,0.000005120000,   0.48000,
,,,0.000005124000,   0.44000,
,,,0.000005128000,   0.40000,
,,,0.000005132000,   0.36000,
,,,0.000005136000,   0.36000,
,,,0.000005140000,   0.28000,
,,,0.000005144000,   0.32000,
,,,0.000005148000,   0.20000,
,,,0.000005152000,   0.24000,
,,,0.000005156000,   0.24000,
,,,0.000005160000,   0.16000,
,,,0.000005164000,   0.20000,
,,,0.000005168000,   0.16000,
,,,0.000005172000,   0.12000,
,,,0.000005176000,   0.16000,
,,,0.000005180000,   0.08000,
,,,0.000005184000,   0.08000,
,,,0.000005188000,   0.08000,
,,,0.000005192000,   0.08000,
,,,0.000005196000,   0.08000,
,,,0.000005200000,   0.04000,
,,,0.000005204000,   0.04000,
,,,0.000005208000,   0.04000,
,,,0.000005212000,   0.04000,
,,,0.000005216000,   0.04000,
,,,0.000005220000,   0.00000,
,,,0.000005224000,   0.00000,
,,,0.000005228000,   0.00000,
,,,0.000005232000,   0.00000,
,,,0.000005236000,   0.04000,
,,,0.000005240000,   0.00000,
,,,0.000005244000,   0.00000,
,,,0.000005248000,   0.04000,
,,,0.000005252000,   0.04000,
,,,0.000005256000,   0.00000,
,,,0.000005260000,   0.00000,
,,,0.000005264000,   0.04000,
,,,0.000005268000,   0.04000,
,,,0.000005272000,   0.04000,
,,,0.000005276000,   0.04000,
,,,0.000005280000,   0.04000,
,,,0.000005284000,   0.00000,
,,,0.000005288000,   0.08000,
,,,0.000005292000,   0.04000,
,,,0.000005296000,   0.04000,
,,,0.000005300000,   0.08000,
,,,0.000005304000,   0.08000,
,,,0.000005308000,   0.12000,
,,,0.000005312000,   0.08000,
,,,0.000005316000,   0.08000,
,,,0.000005320000,   0.08000,
,,,0.000005324000,   0.12000,
,,,0.000005328000,   0.12000,
,,,0.000005332000,   0.16000,
,,,0.000005336000,   0.12000,
,,,0.000005340000,   0.16000,
,,,0.000005344000,   0.16000,
,,,0.000005348000,   0.20000,
,,,0.000005352000,   0.12000,
,,,0.000005356000,   0.16000,
,,,0.000005360000,   0.20000,
,,,0.000005364000,   0.16000,
,,,0.000005368000,   0.20000,
,,,0.000005372000,   0.24000,
,,,0.000005376000,   0.24000,
,,,0.000005380000,   0.24000,
,,,0.000005384000,   0.24000,
,,,0.000005388000,   0.24000,
,,,0.000005392000,   0.24000,
,,,0.000005396000,   0.28000,
,,,0.000005400000,   0.24000,
,,,0.000005404000,   0.28000,
,,,0.000005408000,   0.24000,
,,,0.000005412000,   0.32000,
,,,0.000005416000,   0.28000,
,,,0.000005420000,   0.32000,
,,,0.000005424000,   0.32000,
,,,0.000005428000,   0.32000,
,,,0.000005432000,   0.28000,
,,,0.000005436000,   0.32000,
,,,0.000005440000,   0.36000,
,,,0.000005444000,   0.32000,
,,,0.000005448000,   0.32000,
,,,0.000005452000,   0.40000,
,,,0.000005456000,   0.36000,
,,,0.000005460000,   0.32000,
,,,0.000005464000,   0.40000,
,,,0.000005468000,   0.36000,
,,,0.000005472000,   0.32000,
,,,0.000005476000,   0.36000,
,,,0.000005480000,   0.36000,
,,,0.000005484000,   0.40000,
,,,0.000005488000,   0.40000,
,,,0.000005492000,   0.36000,
,,,0.000005496000,   0.32000,
,,,0.000005500000,   0.36000,
,,,0.000005504000,   0.40000,
,,,0.000005508000,   0.44000,
,,,0.000005512000,   0.40000,
,,,0.000005516000,   0.40000,
,,,0.000005520000,   0.40000,
,,,0.000005524000,   0.40000,
,,,0.000005528000,   0.36000,
,,,0.000005532000,   0.40000,
,,,0.000005536000,   0.36000,
,,,0.000005540000,   0.40000,
,,,0.000005544000,   0.36000,
,,,0.000005548000,   0.40000,
,,,0.000005552000,   0.40000,
,,,0.000005556000,   0.36000,
,,,0.000005560000,   0.40000,
,,,0.000005564000,   0.40000,
,,,0.000005568000,   0.32000,
,,,0.000005572000,   0.40000,
,,,0.000005576000,   0.32000,
,,,0.000005580000,   0.36000,
,,,0.000005584000,   0.36000,
,,,0.000005588000,   0.36000,
,,,0.000005592000,   0.36000,
,,,0.000005596000,   0.36000,
,,,0.000005600000,   0.32000,
,,,0.000005604000,   0.40000,
,,,0.000005608000,   0.36000,
,,,0.000005612000,   0.36000,
,,,0.000005616000,   0.36000,
,,,0.000005620000,   0.32000,
,,,0.000005624000,   0.32000,
,,,0.000005628000,   0.36000,
,,,0.000005632000,   0.32000,
,,,0.000005636000,   0.32000,
,,,0.000005640000,   0.32000,
,,,0.000005644000,   0.36000,
,,,0.000005648000,   0.32000,
,,,0.000005652000,   0.28000,
,,,0.000005656000,   0.32000,
,,,0.000005660000,   0.28000,
,,,0.000005664000,   0.32000,
,,,0.000005668000,   0.28000,
,,,0.000005672000,   0.28000,
,,,0.000005676000,   0.28000,
,,,0.000005680000,   0.28000,
,,,0.000005684000,   0.32000,
,,,0.000005688000,   0.28000,
,,,0.000005692000,   0.28000,
,,,0.000005696000,   0.28000,
,,,0.000005700000,   0.28000,
,,,0.000005704000,   0.28000,
,,,0.000005708000,   0.28000,
,,,0.000005712000,   0.28000,
,,,0.000005716000,   0.28000,
,,,0.000005720000,   0.28000,
,,,0.000005724000,   0.20000,
,,,0.000005728000,   0.28000,
,,,0.000005732000,   0.24000,
,,,0.000005736000,   0.24000,
,,,0.000005740000,   0.20000,
,,,0.000005744000,   0.28000,
,,,0.000005748000,   0.24000,
,,,0.000005752000,   0.24000,
,,,0.000005756000,   0.24000,
,,,0.000005760000,   0.24000,
,,,0.000005764000,   0.24000,
,,,0.000005768000,   0.24000,
,,,0.000005772000,   0.24000,
,,,0.000005776000,   0.28000,
,,,0.000005780000,   0.24000,
,,,0.000005784000,   0.24000,
,,,0.000005788000,   0.24000,
,,,0.000005792000,   0.24000,
,,,0.000005796000,   0.24000,
,,,0.000005800000,   0.24000,
,,,0.000005804000,   0.20000,
,,,0.000005808000,   0.24000,
,,,0.000005812000,   0.20000,
,,,0.000005816000,   0.24000,
,,,0.000005820000,   0.24000,
,,,0.000005824000,   0.20000,
,,,0.000005828000,   0.20000,
,,,0.000005832000,   0.20000,
,,,0.000005836000,   0.24000,
,,,0.000005840000,   0.20000,
,,,0.000005844000,   0.20000,
,,,0.000005848000,   0.24000,
,,,0.000005852000,   0.28000,
,,,0.000005856000,   0.20000,
,,,0.000005860000,   0.24000,
,,,0.000005864000,   0.24000,
,,,0.000005868000,   0.24000,
,,,0.000005872000,   0.28000,
,,,0.000005876000,   0.24000,
,,,0.000005880000,   0.24000,
,,,0.000005884000,   0.28000,
,,,0.000005888000,   0.24000,
,,,0.000005892000,   0.28000,
,,,0.000005896000,   0.24000,
,,,0.000005900000,   0.24000,
,,,0.000005904000,   0.28000,
,,,0.000005908000,   0.28000,
,,,0.000005912000,   0.24000,
,,,0.000005916000,   0.24000,
,,,0.000005920000,   0.28000,
,,,0.000005924000,   0.28000,
,,,0.000005928000,   0.24000,
,,,0.000005932000,   0.24000,
,,,0.000005936000,   0.24000,
,,,0.000005940000,   0.24000,
,,,0.000005944000,   0.28000,
,,,0.000005948000,   0.28000,
,,,0.000005952000,   0.28000,
,,,0.000005956000,   0.28000,
,,,0.000005960000,   0.24000,
,,,0.000005964000,   0.28000,
,,,0.000005968000,   0.28000,
,,,0.000005972000,   0.28000,
,,,0.000005976000,   0.28000,
,,,0.000005980000,   0.28000,
,,,0.000005984000,   0.28000,
,,,0.000005988000,   0.28000,
,,,0.000005992000,   0.28000,
,,,0.000005996000,   0.28000,
,,,0.000006000000,   0.32000,
,,,0.000006004000,   0.28000,
,,,0.000006008000,   0.28000,
,,,0.000006012000,   0.28000,
,,,0.000006016000,   0.24000,
,,,0.000006020000,   0.32000,
,,,0.000006024000,   0.32000,
,,,0.000006028000,   0.28000,
,,,0.000006032000,   0.28000,
,,,0.000006036000,   0.32000,
,,,0.000006040000,   0.32000,
,,,0.000006044000,   0.28000,
,,,0.000006048000,   0.28000,
,,,0.000006052000,   0.28000,
,,,0.000006056000,   0.28000,
,,,0.000006060000,   0.28000,
,,,0.000006064000,   0.32000,
,,,0.000006068000,   0.28000,
,,,0.000006072000,   0.28000,
,,,0.000006076000,   0.32000,
,,,0.000006080000,   0.32000,
,,,0.000006084000,   0.28000,
,,,0.000006088000,   0.28000,
,,,0.000006092000,   0.32000,
,,,0.000006096000,   0.28000,
,,,0.000006100000,   0.28000,
,,,0.000006104000,   0.28000,
,,,0.000006108000,   0.28000,
,,,0.000006112000,   0.32000,
,,,0.000006116000,   0.28000,
,,,0.000006120000,   0.28000,
,,,0.000006124000,   0.32000,
,,,0.000006128000,   0.28000,
,,,0.000006132000,   0.28000,
,,,0.000006136000,   0.32000,
,,,0.000006140000,   0.28000,
,,,0.000006144000,   0.28000,
,,,0.000006148000,   0.28000,
,,,0.000006152000,   0.32000,
,,,0.000006156000,   0.28000,
,,,0.000006160000,   0.28000,
,,,0.000006164000,   0.24000,
,,,0.000006168000,   0.28000,
,,,0.000006172000,   0.28000,
,,,0.000006176000,   0.28000,
,,,0.000006180000,   0.28000,
,,,0.000006184000,   0.28000,
,,,0.000006188000,   0.28000,
,,,0.000006192000,   0.24000,
,,,0.000006196000,   0.28000,
,,,0.000006200000,   0.32000,
,,,0.000006204000,   0.28000,
,,,0.000006208000,   0.28000,
,,,0.000006212000,   0.28000,
,,,0.000006216000,   0.28000,
,,,0.000006220000,   0.28000,
,,,0.000006224000,   0.24000,
,,,0.000006228000,   0.28000,
,,,0.000006232000,   0.24000,
,,,0.000006236000,   0.28000,
,,,0.000006240000,   0.24000,
,,,0.000006244000,   0.28000,
,,,0.000006248000,   0.28000,
,,,0.000006252000,   0.24000,
,,,0.000006256000,   0.32000,
,,,0.000006260000,   0.24000,
,,,0.000006264000,   0.24000,
,,,0.000006268000,   0.24000,
,,,0.000006272000,   0.24000,
,,,0.000006276000,   0.20000,
,,,0.000006280000,   0.24000,
,,,0.000006284000,   0.20000,
,,,0.000006288000,   0.24000,
,,,0.000006292000,   0.24000,
,,,0.000006296000,   0.24000,
,,,0.000006300000,   0.24000,
,,,0.000006304000,   0.24000,
,,,0.000006308000,   0.24000,
,,,0.000006312000,   0.24000,
,,,0.000006316000,   0.24000,
,,,0.000006320000,   0.20000,
,,,0.000006324000,   0.20000,
,,,0.000006328000,   0.20000,
,,,0.000006332000,   0.24000,
,,,0.000006336000,   0.20000,
,,,0.000006340000,   0.24000,
,,,0.000006344000,   0.24000,
,,,0.000006348000,   0.24000,
,,,0.000006352000,   0.24000,
,,,0.000006356000,   0.24000,
,,,0.000006360000,   0.24000,
,,,0.000006364000,   0.20000,
,,,0.000006368000,   0.24000,
,,,0.000006372000,   0.24000,
,,,0.000006376000,   0.24000,
,,,0.000006380000,   0.20000,
,,,0.000006384000,   0.24000,
,,,0.000006388000,   0.24000,
,,,0.000006392000,   0.28000,
,,,0.000006396000,   0.24000,
,,,0.000006400000,   0.28000,
,,,0.000006404000,   0.24000,
,,,0.000006408000,   0.20000,
,,,0.000006412000,   0.24000,
,,,0.000006416000,   0.20000,
,,,0.000006420000,   0.20000,
,,,0.000006424000,   0.20000,
,,,0.000006428000,   0.24000,
,,,0.000006432000,   0.24000,
,,,0.000006436000,   0.28000,
,,,0.000006440000,   0.20000,
,,,0.000006444000,   0.24000,
,,,0.000006448000,   0.24000,
,,,0.000006452000,   0.28000,
,,,0.000006456000,   0.28000,
,,,0.000006460000,   0.24000,
,,,0.000006464000,   0.24000,
,,,0.000006468000,   0.20000,
,,,0.000006472000,   0.20000,
,,,0.000006476000,   0.24000,
,,,0.000006480000,   0.24000,
,,,0.000006484000,   0.28000,
,,,0.000006488000,   0.24000,
,,,0.000006492000,   0.24000,
,,,0.000006496000,   0.24000,
,,,0.000006500000,   0.28000,
,,,0.000006504000,   0.24000,
,,,0.000006508000,   0.24000,
,,,0.000006512000,   0.28000,
,,,0.000006516000,   0.24000,
,,,0.000006520000,   0.28000,
,,,0.000006524000,   0.24000,
,,,0.000006528000,   0.24000,
,,,0.000006532000,   0.24000,
,,,0.000006536000,   0.32000,
,,,0.000006540000,   0.24000,
,,,0.000006544000,   0.28000,
,,,0.000006548000,   0.28000,
,,,0.000006552000,   0.28000,
,,,0.000006556000,   0.28000,
,,,0.000006560000,   0.28000,
,,,0.000006564000,   0.28000,
,,,0.000006568000,   0.24000,
,,,0.000006572000,   0.28000,
,,,0.000006576000,   0.32000,
,,,0.000006580000,   0.24000,
,,,0.000006584000,   0.24000,
,,,0.000006588000,   0.28000,
,,,0.000006592000,   0.28000,
,,,0.000006596000,   0.28000,
,,,0.000006600000,   0.24000,
,,,0.000006604000,   0.32000,
,,,0.000006608000,   0.28000,
,,,0.000006612000,   0.28000,
,,,0.000006616000,   0.28000,
,,,0.000006620000,   0.28000,
,,,0.000006624000,   0.28000,
,,,0.000006628000,   0.28000,
,,,0.000006632000,   0.24000,
,,,0.000006636000,   0.24000,
,,,0.000006640000,   0.28000,
,,,0.000006644000,   0.28000,
,,,0.000006648000,   0.32000,
,,,0.000006652000,   0.32000,
,,,0.000006656000,   0.32000,
,,,0.000006660000,   0.32000,
,,,0.000006664000,   0.28000,
,,,0.000006668000,   0.28000,
,,,0.000006672000,   0.32000,
,,,0.000006676000,   0.32000,
,,,0.000006680000,   0.28000,
,,,0.000006684000,   0.24000,
,,,0.000006688000,   0.28000,
,,,0.000006692000,   0.32000,
,,,0.000006696000,   0.32000,
,,,0.000006700000,   0.32000,
,,,0.000006704000,   0.28000,
,,,0.000006708000,   0.32000,
,,,0.000006712000,   0.28000,
,,,0.000006716000,   0.32000,
,,,0.000006720000,   0.28000,
,,,0.000006724000,   0.24000,
,,,0.000006728000,   0.24000,
,,,0.000006732000,   0.28000,
,,,0.000006736000,   0.28000,
,,,0.000006740000,   0.28000,
,,,0.000006744000,   0.28000,
,,,0.000006748000,   0.36000,
,,,0.000006752000,   0.28000,
,,,0.000006756000,   0.28000,
,,,0.000006760000,   0.28000,
,,,0.000006764000,   0.24000,
,,,0.000006768000,   0.24000,
,,,0.000006772000,   0.28000,
,,,0.000006776000,   0.24000,
,,,0.000006780000,   0.28000,
,,,0.000006784000,   0.28000,
,,,0.000006788000,   0.32000,
,,,0.000006792000,   0.28000,
,,,0.000006796000,   0.28000,
,,,0.000006800000,   0.32000,
,,,0.000006804000,   0.28000,
,,,0.000006808000,   0.28000,
,,,0.000006812000,   0.28000,
,,,0.000006816000,   0.28000,
,,,0.000006820000,   0.28000,
,,,0.000006824000,   0.28000,
,,,0.000006828000,   0.28000,
,,,0.000006832000,   0.28000,
,,,0.000006836000,   0.28000,
,,,0.000006840000,   0.28000,
,,,0.000006844000,   0.24000,
,,,0.000006848000,   0.24000,
,,,0.000006852000,   0.28000,
,,,0.000006856000,   0.28000,
,,,0.000006860000,   0.24000,
,,,0.000006864000,   0.24000,
,,,0.000006868000,   0.28000,
,,,0.000006872000,   0.32000,
,,,0.000006876000,   0.28000,
,,,0.000006880000,   0.24000,
,,,0.000006884000,   0.28000,
,,,0.000006888000,   0.28000,
,,,0.000006892000,   0.28000,
,,,0.000006896000,   0.28000,
,,,0.000006900000,   0.32000,
,,,0.000006904000,   0.28000,
,,,0.000006908000,   0.24000,
,,,0.000006912000,   0.24000,
,,,0.000006916000,   0.32000,
,,,0.000006920000,   0.28000,
,,,0.000006924000,   0.28000,
,,,0.000006928000,   0.28000,
,,,0.000006932000,   0.32000,
,,,0.000006936000,   0.28000,
,,,0.000006940000,   0.28000,
,,,0.000006944000,   0.28000,
,,,0.000006948000,   0.28000,
,,,0.000006952000,   0.28000,
,,,0.000006956000,   0.24000,
,,,0.000006960000,   0.28000,
,,,0.000006964000,   0.24000,
,,,0.000006968000,   0.24000,
,,,0.000006972000,   0.28000,
,,,0.000006976000,   0.28000,
,,,0.000006980000,   0.32000,
,,,0.000006984000,   0.24000,
,,,0.000006988000,   0.28000,
,,,0.000006992000,   0.24000,
,,,0.000006996000,   0.28000,
,,,0.000007000000,   0.28000,
,,,0.000007004000,   0.28000,
,,,0.000007008000,   0.24000,
,,,0.000007012000,   0.24000,
,,,0.000007016000,   0.28000,
,,,0.000007020000,   0.28000,
,,,0.000007024000,   0.32000,
,,,0.000007028000,   0.24000,
,,,0.000007032000,   0.28000,
,,,0.000007036000,   0.32000,
,,,0.000007040000,   0.28000,
,,,0.000007044000,   0.24000,
,,,0.000007048000,   0.32000,
,,,0.000007052000,   0.24000,
,,,0.000007056000,   0.28000,
,,,0.000007060000,   0.28000,
,,,0.000007064000,   0.28000,
,,,0.000007068000,   0.32000,
,,,0.000007072000,   0.28000,
,,,0.000007076000,   0.32000,
,,,0.000007080000,   0.28000,
,,,0.000007084000,   0.20000,
,,,0.000007088000,   0.28000,
,,,0.000007092000,   0.28000,
,,,0.000007096000,   0.28000,
,,,0.000007100000,   0.24000,
,,,0.000007104000,   0.24000,
,,,0.000007108000,   0.28000,
,,,0.000007112000,   0.28000,
,,,0.000007116000,   0.36000,
,,,0.000007120000,   0.24000,
,,,0.000007124000,   0.32000,
,,,0.000007128000,   0.28000,
,,,0.000007132000,   0.28000,
,,,0.000007136000,   0.32000,
,,,0.000007140000,   0.24000,
,,,0.000007144000,   0.32000,
,,,0.000007148000,   0.28000,
,,,0.000007152000,   0.24000,
,,,0.000007156000,   0.24000,
,,,0.000007160000,   0.24000,
,,,0.000007164000,   0.24000,
,,,0.000007168000,   0.24000,
,,,0.000007172000,   0.24000,
,,,0.000007176000,   0.24000,
,,,0.000007180000,   0.24000,
,,,0.000007184000,   0.28000,
,,,0.000007188000,   0.24000,
,,,0.000007192000,   0.28000,
,,,0.000007196000,   0.32000,
,,,0.000007200000,   0.28000,
,,,0.000007204000,   0.24000,
,,,0.000007208000,   0.28000,
,,,0.000007212000,   0.28000,
,,,0.000007216000,   0.28000,
,,,0.000007220000,   0.32000,
,,,0.000007224000,   0.28000,
,,,0.000007228000,   0.28000,
,,,0.000007232000,   0.28000,
,,,0.000007236000,   0.28000,
,,,0.000007240000,   0.24000,
,,,0.000007244000,   0.24000,
,,,0.000007248000,   0.24000,
,,,0.000007252000,   0.24000,
,,,0.000007256000,   0.20000,
,,,0.000007260000,   0.20000,
,,,0.000007264000,   0.20000,
,,,0.000007268000,   0.24000,
,,,0.000007272000,   0.20000,
,,,0.000007276000,   0.20000,
,,,0.000007280000,   0.24000,
,,,0.000007284000,   0.24000,
,,,0.000007288000,   0.24000,
,,,0.000007292000,   0.20000,
,,,0.000007296000,   0.20000,
,,,0.000007300000,   0.24000,
,,,0.000007304000,   0.28000,
,,,0.000007308000,   0.24000,
,,,0.000007312000,   0.24000,
,,,0.000007316000,   0.24000,
,,,0.000007320000,   0.24000,
,,,0.000007324000,   0.28000,
,,,0.000007328000,   0.24000,
,,,0.000007332000,   0.24000,
,,,0.000007336000,   0.28000,
,,,0.000007340000,   0.28000,
,,,0.000007344000,   0.24000,
,,,0.000007348000,   0.24000,
,,,0.000007352000,   0.20000,
,,,0.000007356000,   0.20000,
,,,0.000007360000,   0.20000,
,,,0.000007364000,   0.20000,
,,,0.000007368000,   0.24000,
,,,0.000007372000,   0.20000,
,,,0.000007376000,   0.24000,
,,,0.000007380000,   0.20000,
,,,0.000007384000,   0.24000,
,,,0.000007388000,   0.24000,
,,,0.000007392000,   0.24000,
,,,0.000007396000,   0.24000,
,,,0.000007400000,   0.20000,
,,,0.000007404000,   0.20000,
,,,0.000007408000,   0.24000,
,,,0.000007412000,   0.20000,
,,,0.000007416000,   0.24000,
,,,0.000007420000,   0.20000,
,,,0.000007424000,   0.24000,
,,,0.000007428000,   0.20000,
,,,0.000007432000,   0.28000,
,,,0.000007436000,   0.28000,
,,,0.000007440000,   0.28000,
,,,0.000007444000,   0.28000,
,,,0.000007448000,   0.24000,
,,,0.000007452000,   0.24000,
,,,0.000007456000,   0.24000,
,,,0.000007460000,   0.16000,
,,,0.000007464000,   0.24000,
,,,0.000007468000,   0.24000,
,,,0.000007472000,   0.20000,
,,,0.000007476000,   0.20000,
,,,0.000007480000,   0.20000,
,,,0.000007484000,   0.24000,
,,,0.000007488000,   0.24000,
,,,0.000007492000,   0.20000,
,,,0.000007496000,   0.24000,
,,,0.000007500000,   0.24000,
,,,0.000007504000,   0.24000,
,,,0.000007508000,   0.24000,
,,,0.000007512000,   0.24000,
,,,0.000007516000,   0.20000,
,,,0.000007520000,   0.24000,
,,,0.000007524000,   0.24000,
,,,0.000007528000,   0.28000,
,,,0.000007532000,   0.24000,
,,,0.000007536000,   0.20000,
,,,0.000007540000,   0.24000,
,,,0.000007544000,   0.24000,
,,,0.000007548000,   0.28000,
,,,0.000007552000,   0.24000,
,,,0.000007556000,   0.28000,
,,,0.000007560000,   0.24000,
,,,0.000007564000,   0.24000,
,,,0.000007568000,   0.24000,
,,,0.000007572000,   0.24000,
,,,0.000007576000,   0.20000,
,,,0.000007580000,   0.24000,
,,,0.000007584000,   0.24000,
,,,0.000007588000,   0.24000,
,,,0.000007592000,   0.24000,
,,,0.000007596000,   0.24000,
,,,0.000007600000,   0.24000,
,,,0.000007604000,   0.24000,
,,,0.000007608000,   0.24000,
,,,0.000007612000,   0.24000,
,,,0.000007616000,   0.24000,
,,,0.000007620000,   0.24000,
,,,0.000007624000,   0.24000,
,,,0.000007628000,   0.20000,
,,,0.000007632000,   0.24000,
,,,0.000007636000,   0.28000,
,,,0.000007640000,   0.28000,
,,,0.000007644000,   0.24000,
,,,0.000007648000,   0.24000,
,,,0.000007652000,   0.24000,
,,,0.000007656000,   0.24000,
,,,0.000007660000,   0.24000,
,,,0.000007664000,   0.28000,
,,,0.000007668000,   0.28000,
,,,0.000007672000,   0.24000,
,,,0.000007676000,   0.28000,
,,,0.000007680000,   0.28000,
,,,0.000007684000,   0.28000,
,,,0.000007688000,   0.28000,
,,,0.000007692000,   0.28000,
,,,0.000007696000,   0.28000,
,,,0.000007700000,   0.28000,
,,,0.000007704000,   0.28000,
,,,0.000007708000,   0.28000,
,,,0.000007712000,   0.20000,
,,,0.000007716000,   0.28000,
,,,0.000007720000,   0.24000,
,,,0.000007724000,   0.28000,
,,,0.000007728000,   0.28000,
,,,0.000007732000,   0.32000,
,,,0.000007736000,   0.28000,
,,,0.000007740000,   0.28000,
,,,0.000007744000,   0.32000,
,,,0.000007748000,   0.28000,
,,,0.000007752000,   0.28000,
,,,0.000007756000,   0.24000,
,,,0.000007760000,   0.28000,
,,,0.000007764000,   0.32000,
,,,0.000007768000,   0.28000,
,,,0.000007772000,   0.32000,
,,,0.000007776000,   0.28000,
,,,0.000007780000,   0.28000,
,,,0.000007784000,   0.28000,
,,,0.000007788000,   0.32000,
,,,0.000007792000,   0.28000,
,,,0.000007796000,   0.32000,
,,,0.000007800000,   0.24000,
,,,0.000007804000,   0.28000,
,,,0.000007808000,   0.28000,
,,,0.000007812000,   0.28000,
,,,0.000007816000,   0.32000,
,,,0.000007820000,   0.24000,
,,,0.000007824000,   0.28000,
,,,0.000007828000,   0.32000,
,,,0.000007832000,   0.24000,
,,,0.000007836000,   0.28000,
,,,0.000007840000,   0.40000,
,,,0.000007844000,   0.28000,
,,,0.000007848000,   0.20000,
,,,0.000007852000,   0.32000,
,,,0.000007856000,   0.28000,
,,,0.000007860000,   0.20000,
,,,0.000007864000,   0.32000,
,,,0.000007868000,   0.32000,
,,,0.000007872000,   0.20000,
,,,0.000007876000,   0.28000,
,,,0.000007880000,   0.40000,
,,,0.000007884000,   0.24000,
,,,0.000007888000,   0.24000,
,,,0.000007892000,   0.32000,
,,,0.000007896000,   0.28000,
,,,0.000007900000,   0.24000,
,,,0.000007904000,   0.32000,
,,,0.000007908000,   0.28000,
,,,0.000007912000,   0.24000,
,,,0.000007916000,   0.28000,
,,,0.000007920000,   0.28000,
,,,0.000007924000,   0.24000,
,,,0.000007928000,   0.24000,
,,,0.000007932000,   0.28000,
,,,0.000007936000,   0.24000,
,,,0.000007940000,   0.24000,
,,,0.000007944000,   0.32000,
,,,0.000007948000,   0.28000,
,,,0.000007952000,   0.20000,
,,,0.000007956000,   0.32000,
,,,0.000007960000,   0.28000,
,,,0.000007964000,   0.28000,
,,,0.000007968000,   0.24000,
,,,0.000007972000,   0.28000,
,,,0.000007976000,   0.28000,
,,,0.000007980000,   0.24000,
,,,0.000007984000,   0.24000,
,,,0.000007988000,   0.28000,
,,,0.000007992000,   0.28000,
,,,0.000007996000,   0.24000,
,,,0.000008000000,   0.28000,
,,,0.000008004000,   0.24000,
,,,0.000008008000,   0.24000,
,,,0.000008012000,   0.24000,
,,,0.000008016000,   0.24000,
,,,0.000008020000,   0.24000,
,,,0.000008024000,   0.24000,
,,,0.000008028000,   0.28000,
,,,0.000008032000,   0.28000,
,,,0.000008036000,   0.24000,
,,,0.000008040000,   0.28000,
,,,0.000008044000,   0.24000,
,,,0.000008048000,   0.24000,
,,,0.000008052000,   0.28000,
,,,0.000008056000,   0.24000,
,,,0.000008060000,   0.28000,
,,,0.000008064000,   0.28000,
,,,0.000008068000,   0.24000,
,,,0.000008072000,   0.24000,
,,,0.000008076000,   0.28000,
,,,0.000008080000,   0.28000,
,,,0.000008084000,   0.24000,
,,,0.000008088000,   0.24000,
,,,0.000008092000,   0.20000,
,,,0.000008096000,   0.24000,
,,,0.000008100000,   0.24000,
,,,0.000008104000,   0.28000,
,,,0.000008108000,   0.24000,
,,,0.000008112000,   0.28000,
,,,0.000008116000,   0.24000,
,,,0.000008120000,   0.32000,
,,,0.000008124000,   0.24000,
,,,0.000008128000,   0.24000,
,,,0.000008132000,   0.24000,
,,,0.000008136000,   0.28000,
,,,0.000008140000,   0.28000,
,,,0.000008144000,   0.24000,
,,,0.000008148000,   0.24000,
,,,0.000008152000,   0.28000,
,,,0.000008156000,   0.24000,
,,,0.000008160000,   0.28000,
,,,0.000008164000,   0.24000,
,,,0.000008168000,   0.28000,
,,,0.000008172000,   0.24000,
,,,0.000008176000,   0.28000,
,,,0.000008180000,   0.24000,
,,,0.000008184000,   0.24000,
,,,0.000008188000,   0.24000,
,,,0.000008192000,   0.28000,
,,,0.000008196000,   0.24000,
,,,0.000008200000,   0.28000,
,,,0.000008204000,   0.24000,
,,,0.000008208000,   0.28000,
,,,0.000008212000,   0.24000,
,,,0.000008216000,   0.28000,
,,,0.000008220000,   0.28000,
,,,0.000008224000,   0.28000,
,,,0.000008228000,   0.28000,
,,,0.000008232000,   0.28000,
,,,0.000008236000,   0.28000,
,,,0.000008240000,   0.28000,
,,,0.000008244000,   0.28000,
,,,0.000008248000,   0.24000,
,,,0.000008252000,   0.24000,
,,,0.000008256000,   0.28000,
,,,0.000008260000,   0.24000,
,,,0.000008264000,   0.32000,
,,,0.000008268000,   0.28000,
,,,0.000008272000,   0.28000,
,,,0.000008276000,   0.28000,
,,,0.000008280000,   0.24000,
,,,0.000008284000,   0.24000,
,,,0.000008288000,   0.28000,
,,,0.000008292000,   0.28000,
,,,0.000008296000,   0.28000,
,,,0.000008300000,   0.28000,
,,,0.000008304000,   0.28000,
,,,0.000008308000,   0.24000,
,,,0.000008312000,   0.28000,
,,,0.000008316000,   0.28000,
,,,0.000008320000,   0.28000,
,,,0.000008324000,   0.28000,
,,,0.000008328000,   0.24000,
,,,0.000008332000,   0.32000,
,,,0.000008336000,   0.24000,
,,,0.000008340000,   0.32000,
,,,0.000008344000,   0.28000,
,,,0.000008348000,   0.28000,
,,,0.000008352000,   0.24000,
,,,0.000008356000,   0.28000,
,,,0.000008360000,   0.28000,
,,,0.000008364000,   0.28000,
,,,0.000008368000,   0.28000,
,,,0.000008372000,   0.24000,
,,,0.000008376000,   0.28000,
,,,0.000008380000,   0.32000,
,,,0.000008384000,   0.28000,
,,,0.000008388000,   0.24000,
,,,0.000008392000,   0.28000,
,,,0.000008396000,   0.24000,
,,,0.000008400000,   0.28000,
,,,0.000008404000,   0.32000,
,,,0.000008408000,   0.28000,
,,,0.000008412000,   0.28000,
,,,0.000008416000,   0.32000,
,,,0.000008420000,   0.28000,
,,,0.000008424000,   0.28000,
,,,0.000008428000,   0.32000,
,,,0.000008432000,   0.32000,
,,,0.000008436000,   0.28000,
,,,0.000008440000,   0.24000,
,,,0.000008444000,   0.28000,
,,,0.000008448000,   0.28000,
,,,0.000008452000,   0.28000,
,,,0.000008456000,   0.28000,
,,,0.000008460000,   0.28000,
,,,0.000008464000,   0.28000,
,,,0.000008468000,   0.28000,
,,,0.000008472000,   0.28000,
,,,0.000008476000,   0.28000,
,,,0.000008480000,   0.28000,
,,,0.000008484000,   0.28000,
,,,0.000008488000,   0.28000,
,,,0.000008492000,   0.24000,
,,,0.000008496000,   0.28000,
,,,0.000008500000,   0.32000,
,,,0.000008504000,   0.24000,
,,,0.000008508000,   0.28000,
,,,0.000008512000,   0.28000,
,,,0.000008516000,   0.32000,
,,,0.000008520000,   0.28000,
,,,0.000008524000,   0.28000,
,,,0.000008528000,   0.28000,
,,,0.000008532000,   0.28000,
,,,0.000008536000,   0.32000,
,,,0.000008540000,   0.28000,
,,,0.000008544000,   0.24000,
,,,0.000008548000,   0.28000,
,,,0.000008552000,   0.24000,
,,,0.000008556000,   0.28000,
,,,0.000008560000,   0.24000,
,,,0.000008564000,   0.28000,
,,,0.000008568000,   0.24000,
,,,0.000008572000,   0.28000,
,,,0.000008576000,   0.28000,
,,,0.000008580000,   0.28000,
,,,0.000008584000,   0.28000,
,,,0.000008588000,   0.28000,
,,,0.000008592000,   0.28000,
,,,0.000008596000,   0.24000,
,,,0.000008600000,   0.28000,
,,,0.000008604000,   0.28000,
,,,0.000008608000,   0.28000,
,,,0.000008612000,   0.28000,
,,,0.000008616000,   0.28000,
,,,0.000008620000,   0.36000,
,,,0.000008624000,   0.28000,
,,,0.000008628000,   0.28000,
,,,0.000008632000,   0.24000,
,,,0.000008636000,   0.24000,
,,,0.000008640000,   0.28000,
,,,0.000008644000,   0.28000,
,,,0.000008648000,   0.28000,
,,,0.000008652000,   0.24000,
,,,0.000008656000,   0.24000,
,,,0.000008660000,   0.28000,
,,,0.000008664000,   0.28000,
,,,0.000008668000,   0.24000,
,,,0.000008672000,   0.28000,
,,,0.000008676000,   0.28000,
,,,0.000008680000,   0.32000,
,,,0.000008684000,   0.28000,
,,,0.000008688000,   0.32000,
,,,0.000008692000,   0.28000,
,,,0.000008696000,   0.32000,
,,,0.000008700000,   0.24000,
,,,0.000008704000,   0.24000,
,,,0.000008708000,   0.24000,
,,,0.000008712000,   0.28000,
,,,0.000008716000,   0.24000,
,,,0.000008720000,   0.28000,
,,,0.000008724000,   0.36000,
,,,0.000008728000,   0.32000,
,,,0.000008732000,   0.28000,
,,,0.000008736000,   0.24000,
,,,0.000008740000,   0.28000,
,,,0.000008744000,   0.24000,
,,,0.000008748000,   0.28000,
,,,0.000008752000,   0.28000,
,,,0.000008756000,   0.28000,
,,,0.000008760000,   0.32000,
,,,0.000008764000,   0.28000,
,,,0.000008768000,   0.24000,
,,,0.000008772000,   0.28000,
,,,0.000008776000,   0.28000,
,,,0.000008780000,   0.32000,
,,,0.000008784000,   0.28000,
,,,0.000008788000,   0.28000,
,,,0.000008792000,   0.28000,
,,,0.000008796000,   0.28000,
,,,0.000008800000,   0.28000,
,,,0.000008804000,   0.28000,
,,,0.000008808000,   0.28000,
,,,0.000008812000,   0.28000,
,,,0.000008816000,   0.28000,
,,,0.000008820000,   0.28000,
,,,0.000008824000,   0.28000,
,,,0.000008828000,   0.28000,
,,,0.000008832000,   0.28000,
,,,0.000008836000,   0.24000,
,,,0.000008840000,   0.24000,
,,,0.000008844000,   0.28000,
,,,0.000008848000,   0.24000,
,,,0.000008852000,   0.28000,
,,,0.000008856000,   0.28000,
,,,0.000008860000,   0.32000,
,,,0.000008864000,   0.32000,
,,,0.000008868000,   0.28000,
,,,0.000008872000,   0.28000,
,,,0.000008876000,   0.28000,
,,,0.000008880000,   0.28000,
,,,0.000008884000,   0.28000,
,,,0.000008888000,   0.28000,
,,,0.000008892000,   0.24000,
,,,0.000008896000,   0.24000,
,,,0.000008900000,   0.24000,
,,,0.000008904000,   0.24000,
,,,0.000008908000,   0.24000,
,,,0.000008912000,   0.28000,
,,,0.000008916000,   0.28000,
,,,0.000008920000,   0.24000,
,,,0.000008924000,   0.28000,
,,,0.000008928000,   0.24000,
,,,0.000008932000,   0.24000,
,,,0.000008936000,   0.28000,
,,,0.000008940000,   0.28000,
,,,0.000008944000,   0.24000,
,,,0.000008948000,   0.24000,
,,,0.000008952000,   0.28000,
,,,0.000008956000,   0.28000,
,,,0.000008960000,   0.28000,
,,,0.000008964000,   0.24000,
,,,0.000008968000,   0.28000,
,,,0.000008972000,   0.28000,
,,,0.000008976000,   0.32000,
,,,0.000008980000,   0.28000,
,,,0.000008984000,   0.32000,
,,,0.000008988000,   0.24000,
,,,0.000008992000,   0.24000,
,,,0.000008996000,   0.28000,
,,,0.000009000000,   0.28000,
,,,0.000009004000,   0.28000,
,,,0.000009008000,   0.24000,
,,,0.000009012000,   0.28000,
,,,0.000009016000,   0.28000,
,,,0.000009020000,   0.28000,
,,,0.000009024000,   0.32000,
,,,0.000009028000,   0.32000,
,,,0.000009032000,   0.24000,
,,,0.000009036000,   0.24000,
,,,0.000009040000,   0.28000,
,,,0.000009044000,   0.28000,
,,,0.000009048000,   0.28000,
,,,0.000009052000,   0.28000,
,,,0.000009056000,   0.28000,
,,,0.000009060000,   0.28000,
,,,0.000009064000,   0.24000,
,,,0.000009068000,   0.24000,
,,,0.000009072000,   0.24000,
,,,0.000009076000,   0.28000,
,,,0.000009080000,   0.28000,
,,,0.000009084000,   0.28000,
,,,0.000009088000,   0.32000,
,,,0.000009092000,   0.28000,
,,,0.000009096000,   0.24000,
,,,0.000009100000,   0.28000,
,,,0.000009104000,   0.28000,
,,,0.000009108000,   0.28000,
,,,0.000009112000,   0.28000,
,,,0.000009116000,   0.28000,
,,,0.000009120000,   0.24000,
,,,0.000009124000,   0.28000,
,,,0.000009128000,   0.28000,
,,,0.000009132000,   0.24000,
,,,0.000009136000,   0.24000,
,,,0.000009140000,   0.32000,
,,,0.000009144000,   0.28000,
,,,0.000009148000,   0.28000,
,,,0.000009152000,   0.24000,
,,,0.000009156000,   0.28000,
,,,0.000009160000,   0.24000,
,,,0.000009164000,   0.28000,
,,,0.000009168000,   0.20000,
,,,0.000009172000,   0.28000,
,,,0.000009176000,   0.24000,
,,,0.000009180000,   0.20000,
,,,0.000009184000,   0.24000,
,,,0.000009188000,   0.24000,
,,,0.000009192000,   0.24000,
,,,0.000009196000,   0.24000,
,,,0.000009200000,   0.32000,
,,,0.000009204000,   0.28000,
,,,0.000009208000,   0.24000,
,,,0.000009212000,   0.24000,
,,,0.000009216000,   0.24000,
,,,0.000009220000,   0.24000,
,,,0.000009224000,   0.28000,
,,,0.000009228000,   0.24000,
,,,0.000009232000,   0.24000,
,,,0.000009236000,   0.24000,
,,,0.000009240000,   0.24000,
,,,0.000009244000,   0.20000,
,,,0.000009248000,   0.24000,
,,,0.000009252000,   0.24000,
,,,0.000009256000,   0.28000,
,,,0.000009260000,   0.24000,
,,,0.000009264000,   0.24000,
,,,0.000009268000,   0.28000,
,,,0.000009272000,   0.20000,
,,,0.000009276000,   0.20000,
,,,0.000009280000,   0.24000,
,,,0.000009284000,   0.20000,
,,,0.000009288000,   0.24000,
,,,0.000009292000,   0.24000,
,,,0.000009296000,   0.20000,
,,,0.000009300000,   0.24000,
,,,0.000009304000,   0.24000,
,,,0.000009308000,   0.20000,
,,,0.000009312000,   0.20000,
,,,0.000009316000,   0.20000,
,,,0.000009320000,   0.24000,
,,,0.000009324000,   0.24000,
,,,0.000009328000,   0.24000,
,,,0.000009332000,   0.16000,
,,,0.000009336000,   0.20000,
,,,0.000009340000,   0.16000,
,,,0.000009344000,   0.16000,
,,,0.000009348000,   0.20000,
,,,0.000009352000,   0.20000,
,,,0.000009356000,   0.24000,
,,,0.000009360000,   0.20000,
,,,0.000009364000,   0.16000,
,,,0.000009368000,   0.20000,
,,,0.000009372000,   0.24000,
,,,0.000009376000,   0.20000,
,,,0.000009380000,   0.20000,
,,,0.000009384000,   0.20000,
,,,0.000009388000,   0.20000,
,,,0.000009392000,   0.16000,
,,,0.000009396000,   0.16000,
,,,0.000009400000,   0.20000,
,,,0.000009404000,   0.12000,
,,,0.000009408000,   0.20000,
,,,0.000009412000,   0.16000,
,,,0.000009416000,   0.16000,
,,,0.000009420000,   0.16000,
,,,0.000009424000,   0.16000,
,,,0.000009428000,   0.16000,
,,,0.000009432000,   0.20000,
,,,0.000009436000,   0.16000,
,,,0.000009440000,   0.16000,
,,,0.000009444000,   0.16000,
,,,0.000009448000,   0.16000,
,,,0.000009452000,   0.16000,
,,,0.000009456000,   0.20000,
,,,0.000009460000,   0.16000,
,,,0.000009464000,   0.16000,
,,,0.000009468000,   0.12000,
,,,0.000009472000,   0.16000,
,,,0.000009476000,   0.16000,
,,,0.000009480000,   0.16000,
,,,0.000009484000,   0.16000,
,,,0.000009488000,   0.16000,
,,,0.000009492000,   0.16000,
,,,0.000009496000,   0.16000,
,,,0.000009500000,   0.16000,
,,,0.000009504000,   0.16000,
,,,0.000009508000,   0.16000,
,,,0.000009512000,   0.16000,
,,,0.000009516000,   0.12000,
,,,0.000009520000,   0.12000,
,,,0.000009524000,   0.16000,
,,,0.000009528000,   0.12000,
,,,0.000009532000,   0.12000,
,,,0.000009536000,   0.16000,
,,,0.000009540000,   0.16000,
,,,0.000009544000,   0.16000,
,,,0.000009548000,   0.16000,
,,,0.000009552000,   0.12000,
,,,0.000009556000,   0.12000,
,,,0.000009560000,   0.12000,
,,,0.000009564000,   0.12000,
,,,0.000009568000,   0.12000,
,,,0.000009572000,   0.12000,
,,,0.000009576000,   0.16000,
,,,0.000009580000,   0.16000,
,,,0.000009584000,   0.12000,
,,,0.000009588000,   0.12000,
,,,0.000009592000,   0.12000,
,,,0.000009596000,   0.12000,
,,,0.000009600000,   0.12000,
,,,0.000009604000,   0.16000,
,,,0.000009608000,   0.08000,
,,,0.000009612000,   0.12000,
,,,0.000009616000,   0.12000,
,,,0.000009620000,   0.12000,
,,,0.000009624000,   0.12000,
,,,0.000009628000,   0.12000,
,,,0.000009632000,   0.12000,
,,,0.000009636000,   0.08000,
,,,0.000009640000,   0.12000,
,,,0.000009644000,   0.12000,
,,,0.000009648000,   0.12000,
,,,0.000009652000,   0.12000,
,,,0.000009656000,   0.12000,
,,,0.000009660000,   0.12000,
,,,0.000009664000,   0.12000,
,,,0.000009668000,   0.16000,
,,,0.000009672000,   0.08000,
,,,0.000009676000,   0.12000,
,,,0.000009680000,   0.12000,
,,,0.000009684000,   0.12000,
,,,0.000009688000,   0.12000,
,,,0.000009692000,   0.12000,
,,,0.000009696000,   0.12000,
,,,0.000009700000,   0.12000,
,,,0.000009704000,   0.12000,
,,,0.000009708000,   0.12000,
,,,0.000009712000,   0.16000,
,,,0.000009716000,   0.08000,
,,,0.000009720000,   0.12000,
,,,0.000009724000,   0.12000,
,,,0.000009728000,   0.12000,
,,,0.000009732000,   0.08000,
,,,0.000009736000,   0.12000,
,,,0.000009740000,   0.12000,
,,,0.000009744000,   0.12000,
,,,0.000009748000,   0.04000,
,,,0.000009752000,   0.12000,
,,,0.000009756000,   0.08000,
,,,0.000009760000,   0.12000,
,,,0.000009764000,   0.08000,
,,,0.000009768000,   0.12000,
,,,0.000009772000,   0.12000,
,,,0.000009776000,   0.12000,
,,,0.000009780000,   0.08000,
,,,0.000009784000,   0.08000,
,,,0.000009788000,   0.04000,
,,,0.000009792000,   0.04000,
,,,0.000009796000,   0.08000,
,,,0.000009800000,   0.08000,
,,,0.000009804000,   0.08000,
,,,0.000009808000,   0.08000,
,,,0.000009812000,   0.12000,
,,,0.000009816000,   0.12000,
,,,0.000009820000,   0.08000,
,,,0.000009824000,   0.08000,
,,,0.000009828000,   0.12000,
,,,0.000009832000,   0.12000,
,,,0.000009836000,   0.08000,
,,,0.000009840000,   0.08000,
,,,0.000009844000,   0.08000,
,,,0.000009848000,   0.08000,
,,,0.000009852000,   0.12000,
,,,0.000009856000,   0.08000,
,,,0.000009860000,   0.12000,
,,,0.000009864000,   0.08000,
,,,0.000009868000,   0.08000,
,,,0.000009872000,   0.04000,
,,,0.000009876000,   0.08000,
,,,0.000009880000,   0.12000,
,,,0.000009884000,   0.08000,
,,,0.000009888000,   0.12000,
,,,0.000009892000,   0.12000,
,,,0.000009896000,   0.04000,
,,,0.000009900000,   0.12000,
,,,0.000009904000,   0.08000,
,,,0.000009908000,   0.12000,
,,,0.000009912000,   0.08000,
,,,0.000009916000,   0.12000,
,,,0.000009920000,   0.08000,
,,,0.000009924000,   0.08000,
,,,0.000009928000,   0.08000,
,,,0.000009932000,   0.08000,
,,,0.000009936000,   0.08000,
,,,0.000009940000,   0.08000,
,,,0.000009944000,   0.12000,
,,,0.000009948000,   0.08000,
,,,0.000009952000,   0.08000,
,,,0.000009956000,   0.08000,
,,,0.000009960000,   0.08000,
,,,0.000009964000,   0.12000,
,,,0.000009968000,   0.12000,
,,,0.000009972000,   0.08000,
,,,0.000009976000,   0.12000,
,,,0.000009980000,   0.08000,
,,,0.000009984000,   0.08000,
,,,0.000009988000,   0.08000,
,,,0.000009992000,   0.08000,
,,,0.000009996000,   0.08000,
